location,date,new_deaths
Austria,2020-03-14,1.0
Austria,2020-03-15,0.0
Austria,2020-03-16,1.0
Austria,2020-03-17,1.0
Austria,2020-03-18,2.0
Austria,2020-03-19,2.0
Austria,2020-03-20,5.0
Austria,2020-03-21,3.0
Austria,2020-03-22,5.0
Austria,2020-03-23,6.0
Austria,2020-03-24,8.0
Austria,2020-03-25,12.0
Austria,2020-03-26,10.0
Austria,2020-03-27,9.0
Austria,2020-03-28,16.0
Austria,2020-03-29,20.0
Austria,2020-03-30,19.0
Austria,2020-03-31,14.0
Austria,2020-04-01,21.0
Austria,2020-04-02,19.0
Austria,2020-04-03,11.0
Austria,2020-04-04,20.0
Austria,2020-04-05,18.0
Austria,2020-04-06,20.0
Austria,2020-04-07,22.0
Austria,2020-04-08,31.0
Austria,2020-04-09,29.0
Austria,2020-04-10,17.0
Austria,2020-04-11,22.0
Austria,2020-04-12,23.0
Austria,2020-04-13,17.0
Austria,2020-04-14,12.0
Austria,2020-04-15,21.0
Austria,2020-04-16,13.0
Austria,2020-04-17,16.0
Austria,2020-04-18,23.0
Austria,2020-04-19,13.0
Austria,2020-04-20,18.0
Austria,2020-04-21,17.0
Austria,2020-04-22,9.0
Austria,2020-04-23,18.0
Austria,2020-04-24,12.0
Austria,2020-04-25,8.0
Austria,2020-04-26,8.0
Austria,2020-04-27,14.0
Austria,2020-04-28,9.0
Austria,2020-04-29,6.0
Austria,2020-04-30,14.0
Austria,2020-05-01,7.0
Austria,2020-05-02,7.0
Austria,2020-05-03,4.0
Austria,2020-05-04,4.0
Austria,2020-05-05,9.0
Austria,2020-05-06,4.0
Austria,2020-05-07,3.0
Austria,2020-05-08,7.0
Austria,2020-05-09,3.0
Austria,2020-05-10,5.0
Austria,2020-05-11,7.0
Austria,2020-05-12,3.0
Austria,2020-05-13,3.0
Austria,2020-05-14,1.0
Austria,2020-05-15,3.0
Austria,2020-05-16,4.0
Austria,2020-05-17,0.0
Austria,2020-05-18,1.0
Austria,2020-05-19,2.0
Austria,2020-05-20,4.0
Austria,2020-05-21,1.0
Austria,2020-05-22,4.0
Austria,2020-05-23,3.0
Austria,2020-05-24,4.0
Austria,2020-05-25,1.0
Austria,2020-05-26,1.0
Austria,2020-05-27,2.0
Austria,2020-05-28,4.0
Austria,2020-05-29,1.0
Austria,2020-05-30,2.0
Austria,2020-05-31,2.0
Austria,2020-06-01,0.0
Austria,2020-06-02,4.0
Austria,2020-06-03,1.0
Austria,2020-06-04,3.0
Austria,2020-06-05,3.0
Austria,2020-06-06,4.0
Austria,2020-06-07,2.0
Austria,2020-06-08,1.0
Austria,2020-06-09,1.0
Austria,2020-06-10,3.0
Austria,2020-06-11,2.0
Austria,2020-06-12,2.0
Austria,2020-06-13,1.0
Austria,2020-06-14,2.0
Austria,2020-06-15,1.0
Austria,2020-06-16,5.0
Austria,2020-06-17,6.0
Austria,2020-06-18,3.0
Austria,2020-06-19,1.0
Austria,2020-06-20,0.0
Austria,2020-06-21,2.0
Austria,2020-06-22,3.0
Austria,2020-06-23,2.0
Austria,2020-06-24,3.0
Austria,2020-06-25,2.0
Austria,2020-06-26,4.0
Austria,2020-06-27,2.0
Austria,2020-06-28,1.0
Austria,2020-06-29,3.0
Austria,2020-06-30,2.0
Austria,2020-07-01,1.0
Austria,2020-07-02,0.0
Austria,2020-07-03,1.0
Austria,2020-07-04,3.0
Austria,2020-07-05,1.0
Austria,2020-07-06,3.0
Austria,2020-07-07,0.0
Austria,2020-07-08,1.0
Austria,2020-07-09,0.0
Austria,2020-07-10,0.0
Austria,2020-07-11,1.0
Austria,2020-07-12,0.0
Austria,2020-07-13,3.0
Austria,2020-07-14,2.0
Austria,2020-07-15,2.0
Austria,2020-07-16,1.0
Austria,2020-07-17,1.0
Austria,2020-07-18,1.0
Austria,2020-07-19,0.0
Austria,2020-07-20,0.0
Belgium,2020-03-11,3.0
Belgium,2020-03-12,0.0
Belgium,2020-03-13,0.0
Belgium,2020-03-14,1.0
Belgium,2020-03-15,0.0
Belgium,2020-03-16,1.0
Belgium,2020-03-17,5.0
Belgium,2020-03-18,4.0
Belgium,2020-03-19,7.0
Belgium,2020-03-20,16.0
Belgium,2020-03-21,30.0
Belgium,2020-03-22,8.0
Belgium,2020-03-23,13.0
Belgium,2020-03-24,34.0
Belgium,2020-03-25,56.0
Belgium,2020-03-26,42.0
Belgium,2020-03-27,69.0
Belgium,2020-03-28,64.0
Belgium,2020-03-29,78.0
Belgium,2020-03-30,82.0
Belgium,2020-03-31,192.0
Belgium,2020-04-01,123.0
Belgium,2020-04-02,183.0
Belgium,2020-04-03,132.0
Belgium,2020-04-04,140.0
Belgium,2020-04-05,164.0
Belgium,2020-04-06,185.0
Belgium,2020-04-07,403.0
Belgium,2020-04-08,205.0
Belgium,2020-04-09,283.0
Belgium,2020-04-10,496.0
Belgium,2020-04-11,327.0
Belgium,2020-04-12,254.0
Belgium,2020-04-13,303.0
Belgium,2020-04-14,254.0
Belgium,2020-04-15,283.0
Belgium,2020-04-16,417.0
Belgium,2020-04-17,306.0
Belgium,2020-04-18,290.0
Belgium,2020-04-19,230.0
Belgium,2020-04-20,145.0
Belgium,2020-04-21,170.0
Belgium,2020-04-22,264.0
Belgium,2020-04-23,228.0
Belgium,2020-04-24,189.0
Belgium,2020-04-25,238.0
Belgium,2020-04-26,177.0
Belgium,2020-04-27,113.0
Belgium,2020-04-28,124.0
Belgium,2020-04-29,170.0
Belgium,2020-04-30,93.0
Belgium,2020-05-01,109.0
Belgium,2020-05-02,62.0
Belgium,2020-05-03,79.0
Belgium,2020-05-04,80.0
Belgium,2020-05-05,92.0
Belgium,2020-05-06,323.0
Belgium,2020-05-07,76.0
Belgium,2020-05-08,106.0
Belgium,2020-05-09,60.0
Belgium,2020-05-10,75.0
Belgium,2020-05-11,51.0
Belgium,2020-05-12,54.0
Belgium,2020-05-13,82.0
Belgium,2020-05-14,60.0
Belgium,2020-05-15,56.0
Belgium,2020-05-16,46.0
Belgium,2020-05-17,47.0
Belgium,2020-05-18,28.0
Belgium,2020-05-19,28.0
Belgium,2020-05-20,42.0
Belgium,2020-05-21,36.0
Belgium,2020-05-22,26.0
Belgium,2020-05-23,25.0
Belgium,2020-05-24,43.0
Belgium,2020-05-25,32.0
Belgium,2020-05-26,22.0
Belgium,2020-05-27,30.0
Belgium,2020-05-28,24.0
Belgium,2020-05-29,42.0
Belgium,2020-05-30,23.0
Belgium,2020-05-31,14.0
Belgium,2020-06-01,19.0
Belgium,2020-06-02,19.0
Belgium,2020-06-03,17.0
Belgium,2020-06-04,26.0
Belgium,2020-06-05,18.0
Belgium,2020-06-06,14.0
Belgium,2020-06-07,15.0
Belgium,2020-06-08,11.0
Belgium,2020-06-09,13.0
Belgium,2020-06-10,10.0
Belgium,2020-06-11,7.0
Belgium,2020-06-12,10.0
Belgium,2020-06-13,4.0
Belgium,2020-06-14,5.0
Belgium,2020-06-15,6.0
Belgium,2020-06-16,2.0
Belgium,2020-06-17,12.0
Belgium,2020-06-18,8.0
Belgium,2020-06-19,12.0
Belgium,2020-06-20,1.0
Belgium,2020-06-21,0.0
Belgium,2020-06-22,0.0
Belgium,2020-06-23,17.0
Belgium,2020-06-24,9.0
Belgium,2020-06-25,4.0
Belgium,2020-06-26,5.0
Belgium,2020-06-27,1.0
Belgium,2020-06-28,0.0
Belgium,2020-06-29,0.0
Belgium,2020-06-30,15.0
Belgium,2020-07-01,7.0
Belgium,2020-07-02,7.0
Belgium,2020-07-03,4.0
Belgium,2020-07-04,6.0
Belgium,2020-07-05,0.0
Belgium,2020-07-06,3.0
Belgium,2020-07-07,0.0
Belgium,2020-07-08,2.0
Belgium,2020-07-09,2.0
Belgium,2020-07-10,3.0
Belgium,2020-07-11,1.0
Belgium,2020-07-12,0.0
Belgium,2020-07-13,0.0
Belgium,2020-07-14,5.0
Belgium,2020-07-15,1.0
Belgium,2020-07-16,7.0
Belgium,2020-07-17,5.0
Belgium,2020-07-18,0.0
Belgium,2020-07-19,0.0
Belgium,2020-07-20,5.0
Bulgaria,2020-03-11,1.0
Bulgaria,2020-03-12,0.0
Bulgaria,2020-03-13,0.0
Bulgaria,2020-03-14,1.0
Bulgaria,2020-03-15,0.0
Bulgaria,2020-03-16,0.0
Bulgaria,2020-03-17,0.0
Bulgaria,2020-03-18,0.0
Bulgaria,2020-03-19,1.0
Bulgaria,2020-03-20,0.0
Bulgaria,2020-03-21,0.0
Bulgaria,2020-03-22,0.0
Bulgaria,2020-03-23,0.0
Bulgaria,2020-03-24,0.0
Bulgaria,2020-03-25,0.0
Bulgaria,2020-03-26,0.0
Bulgaria,2020-03-27,0.0
Bulgaria,2020-03-28,4.0
Bulgaria,2020-03-29,1.0
Bulgaria,2020-03-30,0.0
Bulgaria,2020-03-31,0.0
Bulgaria,2020-04-01,2.0
Bulgaria,2020-04-02,0.0
Bulgaria,2020-04-03,4.0
Bulgaria,2020-04-04,3.0
Bulgaria,2020-04-05,3.0
Bulgaria,2020-04-06,2.0
Bulgaria,2020-04-07,1.0
Bulgaria,2020-04-08,1.0
Bulgaria,2020-04-09,0.0
Bulgaria,2020-04-10,1.0
Bulgaria,2020-04-11,3.0
Bulgaria,2020-04-12,1.0
Bulgaria,2020-04-13,3.0
Bulgaria,2020-04-14,3.0
Bulgaria,2020-04-15,1.0
Bulgaria,2020-04-16,2.0
Bulgaria,2020-04-17,3.0
Bulgaria,2020-04-18,0.0
Bulgaria,2020-04-19,1.0
Bulgaria,2020-04-20,1.0
Bulgaria,2020-04-21,2.0
Bulgaria,2020-04-22,4.0
Bulgaria,2020-04-23,3.0
Bulgaria,2020-04-24,2.0
Bulgaria,2020-04-25,1.0
Bulgaria,2020-04-26,1.0
Bulgaria,2020-04-27,2.0
Bulgaria,2020-04-28,0.0
Bulgaria,2020-04-29,6.0
Bulgaria,2020-04-30,2.0
Bulgaria,2020-05-01,2.0
Bulgaria,2020-05-02,4.0
Bulgaria,2020-05-03,1.0
Bulgaria,2020-05-04,5.0
Bulgaria,2020-05-05,2.0
Bulgaria,2020-05-06,4.0
Bulgaria,2020-05-07,0.0
Bulgaria,2020-05-08,2.0
Bulgaria,2020-05-09,4.0
Bulgaria,2020-05-10,1.0
Bulgaria,2020-05-11,2.0
Bulgaria,2020-05-12,2.0
Bulgaria,2020-05-13,1.0
Bulgaria,2020-05-14,3.0
Bulgaria,2020-05-15,3.0
Bulgaria,2020-05-16,3.0
Bulgaria,2020-05-17,3.0
Bulgaria,2020-05-18,2.0
Bulgaria,2020-05-19,2.0
Bulgaria,2020-05-20,4.0
Bulgaria,2020-05-21,4.0
Bulgaria,2020-05-22,5.0
Bulgaria,2020-05-23,1.0
Bulgaria,2020-05-24,4.0
Bulgaria,2020-05-25,0.0
Bulgaria,2020-05-26,0.0
Bulgaria,2020-05-27,3.0
Bulgaria,2020-05-28,1.0
Bulgaria,2020-05-29,2.0
Bulgaria,2020-05-30,3.0
Bulgaria,2020-05-31,1.0
Bulgaria,2020-06-01,0.0
Bulgaria,2020-06-02,4.0
Bulgaria,2020-06-03,2.0
Bulgaria,2020-06-04,1.0
Bulgaria,2020-06-05,12.0
Bulgaria,2020-06-06,1.0
Bulgaria,2020-06-07,0.0
Bulgaria,2020-06-08,4.0
Bulgaria,2020-06-09,3.0
Bulgaria,2020-06-10,0.0
Bulgaria,2020-06-11,1.0
Bulgaria,2020-06-12,4.0
Bulgaria,2020-06-13,0.0
Bulgaria,2020-06-14,2.0
Bulgaria,2020-06-15,2.0
Bulgaria,2020-06-16,5.0
Bulgaria,2020-06-17,3.0
Bulgaria,2020-06-18,6.0
Bulgaria,2020-06-19,3.0
Bulgaria,2020-06-20,6.0
Bulgaria,2020-06-21,0.0
Bulgaria,2020-06-22,8.0
Bulgaria,2020-06-23,1.0
Bulgaria,2020-06-24,1.0
Bulgaria,2020-06-25,2.0
Bulgaria,2020-06-26,4.0
Bulgaria,2020-06-27,1.0
Bulgaria,2020-06-28,3.0
Bulgaria,2020-06-29,4.0
Bulgaria,2020-06-30,7.0
Bulgaria,2020-07-01,2.0
Bulgaria,2020-07-02,0.0
Bulgaria,2020-07-03,7.0
Bulgaria,2020-07-04,2.0
Bulgaria,2020-07-05,5.0
Bulgaria,2020-07-06,4.0
Bulgaria,2020-07-07,4.0
Bulgaria,2020-07-08,5.0
Bulgaria,2020-07-09,3.0
Bulgaria,2020-07-10,5.0
Bulgaria,2020-07-11,0.0
Bulgaria,2020-07-12,1.0
Bulgaria,2020-07-13,8.0
Bulgaria,2020-07-14,7.0
Bulgaria,2020-07-15,6.0
Bulgaria,2020-07-16,4.0
Bulgaria,2020-07-17,4.0
Bulgaria,2020-07-18,2.0
Bulgaria,2020-07-19,1.0
Bulgaria,2020-07-20,8.0
Croatia,2020-03-19,1.0
Croatia,2020-03-20,0.0
Croatia,2020-03-21,0.0
Croatia,2020-03-22,0.0
Croatia,2020-03-23,0.0
Croatia,2020-03-24,0.0
Croatia,2020-03-25,0.0
Croatia,2020-03-26,2.0
Croatia,2020-03-27,0.0
Croatia,2020-03-28,2.0
Croatia,2020-03-29,1.0
Croatia,2020-03-30,0.0
Croatia,2020-03-31,0.0
Croatia,2020-04-01,0.0
Croatia,2020-04-02,1.0
Croatia,2020-04-03,1.0
Croatia,2020-04-04,4.0
Croatia,2020-04-05,3.0
Croatia,2020-04-06,1.0
Croatia,2020-04-07,2.0
Croatia,2020-04-08,1.0
Croatia,2020-04-09,1.0
Croatia,2020-04-10,1.0
Croatia,2020-04-11,0.0
Croatia,2020-04-12,2.0
Croatia,2020-04-13,2.0
Croatia,2020-04-14,6.0
Croatia,2020-04-15,2.0
Croatia,2020-04-16,2.0
Croatia,2020-04-17,1.0
Croatia,2020-04-18,3.0
Croatia,2020-04-19,8.0
Croatia,2020-04-20,0.0
Croatia,2020-04-21,1.0
Croatia,2020-04-22,0.0
Croatia,2020-04-23,2.0
Croatia,2020-04-24,1.0
Croatia,2020-04-25,3.0
Croatia,2020-04-26,1.0
Croatia,2020-04-27,4.0
Croatia,2020-04-28,4.0
Croatia,2020-04-29,4.0
Croatia,2020-04-30,2.0
Croatia,2020-05-01,6.0
Croatia,2020-05-02,2.0
Croatia,2020-05-03,2.0
Croatia,2020-05-04,1.0
Croatia,2020-05-05,3.0
Croatia,2020-05-06,2.0
Croatia,2020-05-07,1.0
Croatia,2020-05-08,0.0
Croatia,2020-05-09,1.0
Croatia,2020-05-10,3.0
Croatia,2020-05-11,1.0
Croatia,2020-05-12,0.0
Croatia,2020-05-13,3.0
Croatia,2020-05-14,0.0
Croatia,2020-05-15,1.0
Croatia,2020-05-16,0.0
Croatia,2020-05-17,0.0
Croatia,2020-05-18,0.0
Croatia,2020-05-19,1.0
Croatia,2020-05-20,0.0
Croatia,2020-05-21,1.0
Croatia,2020-05-22,2.0
Croatia,2020-05-23,0.0
Croatia,2020-05-24,0.0
Croatia,2020-05-25,1.0
Croatia,2020-05-26,1.0
Croatia,2020-05-27,0.0
Croatia,2020-05-28,1.0
Croatia,2020-05-29,1.0
Croatia,2020-05-30,0.0
Croatia,2020-05-31,0.0
Croatia,2020-06-01,0.0
Croatia,2020-06-02,0.0
Croatia,2020-06-03,0.0
Croatia,2020-06-04,0.0
Croatia,2020-06-05,0.0
Croatia,2020-06-06,1.0
Croatia,2020-06-07,0.0
Croatia,2020-06-08,0.0
Croatia,2020-06-09,2.0
Croatia,2020-06-10,0.0
Croatia,2020-06-11,0.0
Croatia,2020-06-12,1.0
Croatia,2020-06-13,0.0
Croatia,2020-06-14,0.0
Croatia,2020-06-15,0.0
Croatia,2020-06-16,0.0
Croatia,2020-06-17,0.0
Croatia,2020-06-18,0.0
Croatia,2020-06-19,0.0
Croatia,2020-06-20,0.0
Croatia,2020-06-21,0.0
Croatia,2020-06-22,0.0
Croatia,2020-06-23,0.0
Croatia,2020-06-24,0.0
Croatia,2020-06-25,0.0
Croatia,2020-06-26,0.0
Croatia,2020-06-27,0.0
Croatia,2020-06-28,0.0
Croatia,2020-06-29,0.0
Croatia,2020-06-30,0.0
Croatia,2020-07-01,1.0
Croatia,2020-07-02,2.0
Croatia,2020-07-03,2.0
Croatia,2020-07-04,1.0
Croatia,2020-07-05,0.0
Croatia,2020-07-06,0.0
Croatia,2020-07-07,0.0
Croatia,2020-07-08,1.0
Croatia,2020-07-09,1.0
Croatia,2020-07-10,2.0
Croatia,2020-07-11,1.0
Croatia,2020-07-12,1.0
Croatia,2020-07-13,0.0
Croatia,2020-07-14,1.0
Croatia,2020-07-15,0.0
Croatia,2020-07-16,0.0
Croatia,2020-07-17,0.0
Croatia,2020-07-18,0.0
Croatia,2020-07-19,0.0
Croatia,2020-07-20,2.0
Cyprus,2020-03-25,3.0
Cyprus,2020-03-26,0.0
Cyprus,2020-03-27,0.0
Cyprus,2020-03-28,2.0
Cyprus,2020-03-29,0.0
Cyprus,2020-03-30,1.0
Cyprus,2020-03-31,1.0
Cyprus,2020-04-01,1.0
Cyprus,2020-04-02,1.0
Cyprus,2020-04-03,0.0
Cyprus,2020-04-04,0.0
Cyprus,2020-04-05,0.0
Cyprus,2020-04-06,0.0
Cyprus,2020-04-07,0.0
Cyprus,2020-04-08,0.0
Cyprus,2020-04-09,0.0
Cyprus,2020-04-10,1.0
Cyprus,2020-04-11,0.0
Cyprus,2020-04-12,0.0
Cyprus,2020-04-13,1.0
Cyprus,2020-04-14,1.0
Cyprus,2020-04-15,0.0
Cyprus,2020-04-16,0.0
Cyprus,2020-04-17,0.0
Cyprus,2020-04-18,0.0
Cyprus,2020-04-19,0.0
Cyprus,2020-04-20,0.0
Cyprus,2020-04-21,0.0
Cyprus,2020-04-22,0.0
Cyprus,2020-04-23,2.0
Cyprus,2020-04-24,0.0
Cyprus,2020-04-25,0.0
Cyprus,2020-04-26,0.0
Cyprus,2020-04-27,0.0
Cyprus,2020-04-28,1.0
Cyprus,2020-04-29,0.0
Cyprus,2020-04-30,0.0
Cyprus,2020-05-01,0.0
Cyprus,2020-05-02,0.0
Cyprus,2020-05-03,0.0
Cyprus,2020-05-04,0.0
Cyprus,2020-05-05,0.0
Cyprus,2020-05-06,0.0
Cyprus,2020-05-07,0.0
Cyprus,2020-05-08,0.0
Cyprus,2020-05-09,0.0
Cyprus,2020-05-10,0.0
Cyprus,2020-05-11,1.0
Cyprus,2020-05-12,0.0
Cyprus,2020-05-13,0.0
Cyprus,2020-05-14,1.0
Cyprus,2020-05-15,0.0
Cyprus,2020-05-16,0.0
Cyprus,2020-05-17,0.0
Cyprus,2020-05-18,0.0
Cyprus,2020-05-19,0.0
Cyprus,2020-05-20,0.0
Cyprus,2020-05-21,0.0
Cyprus,2020-05-22,0.0
Cyprus,2020-05-23,0.0
Cyprus,2020-05-24,0.0
Cyprus,2020-05-25,0.0
Cyprus,2020-05-26,0.0
Cyprus,2020-05-27,0.0
Cyprus,2020-05-28,0.0
Cyprus,2020-05-29,0.0
Cyprus,2020-05-30,0.0
Cyprus,2020-05-31,0.0
Cyprus,2020-06-01,0.0
Cyprus,2020-06-02,0.0
Cyprus,2020-06-03,0.0
Cyprus,2020-06-04,0.0
Cyprus,2020-06-05,0.0
Cyprus,2020-06-06,0.0
Cyprus,2020-06-07,1.0
Cyprus,2020-06-08,0.0
Cyprus,2020-06-09,0.0
Cyprus,2020-06-10,0.0
Cyprus,2020-06-11,0.0
Cyprus,2020-06-12,0.0
Cyprus,2020-06-13,0.0
Cyprus,2020-06-14,0.0
Cyprus,2020-06-15,0.0
Cyprus,2020-06-16,0.0
Cyprus,2020-06-17,0.0
Cyprus,2020-06-18,0.0
Cyprus,2020-06-19,1.0
Cyprus,2020-06-20,0.0
Cyprus,2020-06-21,0.0
Cyprus,2020-06-22,0.0
Cyprus,2020-06-23,0.0
Cyprus,2020-06-24,0.0
Cyprus,2020-06-25,0.0
Cyprus,2020-06-26,0.0
Cyprus,2020-06-27,0.0
Cyprus,2020-06-28,0.0
Cyprus,2020-06-29,0.0
Cyprus,2020-06-30,0.0
Cyprus,2020-07-01,0.0
Cyprus,2020-07-02,0.0
Cyprus,2020-07-03,0.0
Cyprus,2020-07-04,0.0
Cyprus,2020-07-05,0.0
Cyprus,2020-07-06,0.0
Cyprus,2020-07-07,0.0
Cyprus,2020-07-08,0.0
Cyprus,2020-07-09,0.0
Cyprus,2020-07-10,0.0
Cyprus,2020-07-11,0.0
Cyprus,2020-07-12,0.0
Cyprus,2020-07-13,0.0
Cyprus,2020-07-14,0.0
Cyprus,2020-07-15,0.0
Cyprus,2020-07-16,0.0
Cyprus,2020-07-17,0.0
Cyprus,2020-07-18,0.0
Cyprus,2020-07-19,0.0
Cyprus,2020-07-20,0.0
Czechia,2020-03-22,1.0
Czechia,2020-03-23,0.0
Czechia,2020-03-24,2.0
Czechia,2020-03-25,3.0
Czechia,2020-03-26,3.0
Czechia,2020-03-27,0.0
Czechia,2020-03-28,2.0
Czechia,2020-03-29,5.0
Czechia,2020-03-30,7.0
Czechia,2020-03-31,8.0
Czechia,2020-04-01,8.0
Czechia,2020-04-02,5.0
Czechia,2020-04-03,9.0
Czechia,2020-04-04,6.0
Czechia,2020-04-05,8.0
Czechia,2020-04-06,11.0
Czechia,2020-04-07,10.0
Czechia,2020-04-08,11.0
Czechia,2020-04-09,13.0
Czechia,2020-04-10,7.0
Czechia,2020-04-11,10.0
Czechia,2020-04-12,9.0
Czechia,2020-04-13,5.0
Czechia,2020-04-14,18.0
Czechia,2020-04-15,5.0
Czechia,2020-04-16,3.0
Czechia,2020-04-17,4.0
Czechia,2020-04-18,8.0
Czechia,2020-04-19,5.0
Czechia,2020-04-20,8.0
Czechia,2020-04-21,7.0
Czechia,2020-04-22,7.0
Czechia,2020-04-23,2.0
Czechia,2020-04-24,4.0
Czechia,2020-04-25,4.0
Czechia,2020-04-26,2.0
Czechia,2020-04-27,3.0
Czechia,2020-04-28,4.0
Czechia,2020-04-29,0.0
Czechia,2020-04-30,9.0
Czechia,2020-05-01,4.0
Czechia,2020-05-02,5.0
Czechia,2020-05-03,3.0
Czechia,2020-05-04,4.0
Czechia,2020-05-05,5.0
Czechia,2020-05-06,5.0
Czechia,2020-05-07,8.0
Czechia,2020-05-08,3.0
Czechia,2020-05-09,3.0
Czechia,2020-05-10,4.0
Czechia,2020-05-11,2.0
Czechia,2020-05-12,1.0
Czechia,2020-05-13,7.0
Czechia,2020-05-14,3.0
Czechia,2020-05-15,2.0
Czechia,2020-05-16,1.0
Czechia,2020-05-17,2.0
Czechia,2020-05-19,5.0
Czechia,2020-05-20,2.0
Czechia,2020-05-21,2.0
Czechia,2020-05-22,6.0
Czechia,2020-05-23,2.0
Czechia,2020-05-24,1.0
Czechia,2020-05-25,2.0
Czechia,2020-05-26,0.0
Czechia,2020-05-27,0.0
Czechia,2020-05-28,2.0
Czechia,2020-05-29,0.0
Czechia,2020-05-30,0.0
Czechia,2020-05-31,1.0
Czechia,2020-06-01,1.0
Czechia,2020-06-02,2.0
Czechia,2020-06-03,2.0
Czechia,2020-06-04,1.0
Czechia,2020-06-05,1.0
Czechia,2020-06-06,0.0
Czechia,2020-06-07,0.0
Czechia,2020-06-08,1.0
Czechia,2020-06-09,0.0
Czechia,2020-06-10,2.0
Czechia,2020-06-12,1.0
Czechia,2020-06-14,1.0
Czechia,2020-06-15,1.0
Czechia,2020-06-16,1.0
Czechia,2020-06-17,2.0
Czechia,2020-06-18,1.0
Czechia,2020-06-19,1.0
Czechia,2020-06-20,1.0
Czechia,2020-06-21,0.0
Czechia,2020-06-22,0.0
Czechia,2020-06-23,3.0
Czechia,2020-06-24,4.0
Czechia,2020-06-25,2.0
Czechia,2020-06-26,4.0
Czechia,2020-06-27,0.0
Czechia,2020-06-29,0.0
Czechia,2020-06-30,1.0
Czechia,2020-07-01,0.0
Czechia,2020-07-02,4.0
Czechia,2020-07-03,0.0
Czechia,2020-07-06,2.0
Czechia,2020-07-07,1.0
Czechia,2020-07-08,0.0
Czechia,2020-07-09,1.0
Czechia,2020-07-10,0.0
Czechia,2020-07-11,0.0
Czechia,2020-07-12,0.0
Czechia,2020-07-13,1.0
Czechia,2020-07-14,2.0
Czechia,2020-07-15,0.0
Czechia,2020-07-16,0.0
Czechia,2020-07-17,3.0
Czechia,2020-07-18,0.0
Czechia,2020-07-19,1.0
Czechia,2020-07-20,0.0
Denmark,2020-03-14,1.0
Denmark,2020-03-15,1.0
Denmark,2020-03-16,1.0
Denmark,2020-03-17,1.0
Denmark,2020-03-18,0.0
Denmark,2020-03-19,2.0
Denmark,2020-03-20,3.0
Denmark,2020-03-21,4.0
Denmark,2020-03-22,0.0
Denmark,2020-03-23,11.0
Denmark,2020-03-24,8.0
Denmark,2020-03-25,2.0
Denmark,2020-03-26,7.0
Denmark,2020-03-27,11.0
Denmark,2020-03-28,13.0
Denmark,2020-03-29,7.0
Denmark,2020-03-30,5.0
Denmark,2020-03-31,13.0
Denmark,2020-04-01,14.0
Denmark,2020-04-02,19.0
Denmark,2020-04-03,16.0
Denmark,2020-04-04,22.0
Denmark,2020-04-05,18.0
Denmark,2020-04-06,8.0
Denmark,2020-04-07,16.0
Denmark,2020-04-08,15.0
Denmark,2020-04-09,19.0
Denmark,2020-04-10,10.0
Denmark,2020-04-11,13.0
Denmark,2020-04-12,13.0
Denmark,2020-04-13,12.0
Denmark,2020-04-14,14.0
Denmark,2020-04-15,10.0
Denmark,2020-04-16,12.0
Denmark,2020-04-17,15.0
Denmark,2020-04-18,10.0
Denmark,2020-04-19,9.0
Denmark,2020-04-20,9.0
Denmark,2020-04-21,6.0
Denmark,2020-04-22,14.0
Denmark,2020-04-23,10.0
Denmark,2020-04-24,9.0
Denmark,2020-04-25,15.0
Denmark,2020-04-26,4.0
Denmark,2020-04-27,5.0
Denmark,2020-04-28,7.0
Denmark,2020-04-29,9.0
Denmark,2020-04-30,9.0
Denmark,2020-05-01,8.0
Denmark,2020-05-02,15.0
Denmark,2020-05-03,9.0
Denmark,2020-05-04,9.0
Denmark,2020-05-05,10.0
Denmark,2020-05-06,3.0
Denmark,2020-05-07,8.0
Denmark,2020-05-08,8.0
Denmark,2020-05-09,4.0
Denmark,2020-05-10,3.0
Denmark,2020-05-11,4.0
Denmark,2020-05-13,6.0
Denmark,2020-05-14,4.0
Denmark,2020-05-15,0.0
Denmark,2020-05-16,6.0
Denmark,2020-05-17,4.0
Denmark,2020-05-18,1.0
Denmark,2020-05-19,3.0
Denmark,2020-05-20,3.0
Denmark,2020-05-21,7.0
Denmark,2020-05-22,0.0
Denmark,2020-05-23,0.0
Denmark,2020-05-24,1.0
Denmark,2020-05-25,1.0
Denmark,2020-05-26,0.0
Denmark,2020-05-27,2.0
Denmark,2020-05-28,3.0
Denmark,2020-05-29,0.0
Denmark,2020-05-30,3.0
Denmark,2020-05-31,3.0
Denmark,2020-06-01,2.0
Denmark,2020-06-02,4.0
Denmark,2020-06-03,0.0
Denmark,2020-06-04,2.0
Denmark,2020-06-05,4.0
Denmark,2020-06-06,1.0
Denmark,2020-06-07,2.0
Denmark,2020-06-08,4.0
Denmark,2020-06-09,0.0
Denmark,2020-06-10,0.0
Denmark,2020-06-11,0.0
Denmark,2020-06-12,1.0
Denmark,2020-06-13,3.0
Denmark,2020-06-14,0.0
Denmark,2020-06-15,1.0
Denmark,2020-06-16,0.0
Denmark,2020-06-17,0.0
Denmark,2020-06-18,2.0
Denmark,2020-06-19,0.0
Denmark,2020-06-20,0.0
Denmark,2020-06-21,0.0
Denmark,2020-06-22,2.0
Denmark,2020-06-23,1.0
Denmark,2020-06-24,0.0
Denmark,2020-06-25,0.0
Denmark,2020-06-26,1.0
Denmark,2020-06-27,0.0
Denmark,2020-06-28,0.0
Denmark,2020-06-29,1.0
Denmark,2020-06-30,0.0
Denmark,2020-07-01,1.0
Denmark,2020-07-02,0.0
Denmark,2020-07-03,0.0
Denmark,2020-07-04,0.0
Denmark,2020-07-05,0.0
Denmark,2020-07-06,1.0
Denmark,2020-07-07,2.0
Denmark,2020-07-08,0.0
Denmark,2020-07-09,0.0
Denmark,2020-07-10,0.0
Denmark,2020-07-11,0.0
Denmark,2020-07-12,0.0
Denmark,2020-07-13,1.0
Denmark,2020-07-14,0.0
Denmark,2020-07-15,0.0
Denmark,2020-07-16,0.0
Denmark,2020-07-17,1.0
Denmark,2020-07-18,0.0
Denmark,2020-07-19,0.0
Denmark,2020-07-20,0.0
Estonia,2020-03-25,1.0
Estonia,2020-03-26,0.0
Estonia,2020-03-27,0.0
Estonia,2020-03-28,0.0
Estonia,2020-03-29,2.0
Estonia,2020-03-30,0.0
Estonia,2020-03-31,1.0
Estonia,2020-04-01,1.0
Estonia,2020-04-02,6.0
Estonia,2020-04-03,1.0
Estonia,2020-04-04,1.0
Estonia,2020-04-05,2.0
Estonia,2020-04-06,4.0
Estonia,2020-04-07,2.0
Estonia,2020-04-08,3.0
Estonia,2020-04-09,0.0
Estonia,2020-04-10,0.0
Estonia,2020-04-11,0.0
Estonia,2020-04-12,1.0
Estonia,2020-04-13,3.0
Estonia,2020-04-14,3.0
Estonia,2020-04-15,4.0
Estonia,2020-04-16,1.0
Estonia,2020-04-17,2.0
Estonia,2020-04-18,0.0
Estonia,2020-04-19,2.0
Estonia,2020-04-20,0.0
Estonia,2020-04-21,3.0
Estonia,2020-04-22,1.0
Estonia,2020-04-23,1.0
Estonia,2020-04-24,1.0
Estonia,2020-04-25,0.0
Estonia,2020-04-26,3.0
Estonia,2020-04-27,1.0
Estonia,2020-04-28,0.0
Estonia,2020-04-29,0.0
Estonia,2020-04-30,2.0
Estonia,2020-05-01,0.0
Estonia,2020-05-02,1.0
Estonia,2020-05-03,2.0
Estonia,2020-05-04,0.0
Estonia,2020-05-05,0.0
Estonia,2020-05-06,0.0
Estonia,2020-05-07,1.0
Estonia,2020-05-08,0.0
Estonia,2020-05-09,4.0
Estonia,2020-05-10,0.0
Estonia,2020-05-11,1.0
Estonia,2020-05-12,0.0
Estonia,2020-05-13,0.0
Estonia,2020-05-14,1.0
Estonia,2020-05-15,1.0
Estonia,2020-05-16,0.0
Estonia,2020-05-17,0.0
Estonia,2020-05-18,1.0
Estonia,2020-05-19,0.0
Estonia,2020-05-20,0.0
Estonia,2020-05-21,0.0
Estonia,2020-05-22,0.0
Estonia,2020-05-23,0.0
Estonia,2020-05-24,0.0
Estonia,2020-05-25,1.0
Estonia,2020-05-26,0.0
Estonia,2020-05-27,1.0
Estonia,2020-05-28,0.0
Estonia,2020-05-29,1.0
Estonia,2020-05-30,0.0
Estonia,2020-05-31,1.0
Estonia,2020-06-01,0.0
Estonia,2020-06-02,0.0
Estonia,2020-06-03,1.0
Estonia,2020-06-04,0.0
Estonia,2020-06-05,0.0
Estonia,2020-06-06,0.0
Estonia,2020-06-07,0.0
Estonia,2020-06-08,0.0
Estonia,2020-06-09,0.0
Estonia,2020-06-10,0.0
Estonia,2020-06-11,0.0
Estonia,2020-06-12,0.0
Estonia,2020-06-13,0.0
Estonia,2020-06-14,0.0
Estonia,2020-06-15,0.0
Estonia,2020-06-16,0.0
Estonia,2020-06-17,0.0
Estonia,2020-06-18,0.0
Estonia,2020-06-19,0.0
Estonia,2020-06-20,0.0
Estonia,2020-06-21,0.0
Estonia,2020-06-22,0.0
Estonia,2020-06-23,0.0
Estonia,2020-06-24,0.0
Estonia,2020-06-25,0.0
Estonia,2020-06-26,0.0
Estonia,2020-06-27,0.0
Estonia,2020-06-28,0.0
Estonia,2020-06-29,0.0
Estonia,2020-06-30,0.0
Estonia,2020-07-01,0.0
Estonia,2020-07-02,0.0
Estonia,2020-07-03,0.0
Estonia,2020-07-04,0.0
Estonia,2020-07-05,0.0
Estonia,2020-07-06,0.0
Estonia,2020-07-07,0.0
Estonia,2020-07-08,0.0
Estonia,2020-07-09,0.0
Estonia,2020-07-10,0.0
Estonia,2020-07-11,0.0
Estonia,2020-07-12,0.0
Estonia,2020-07-13,0.0
Estonia,2020-07-14,0.0
Estonia,2020-07-15,0.0
Estonia,2020-07-16,0.0
Estonia,2020-07-17,0.0
Estonia,2020-07-18,0.0
Estonia,2020-07-19,0.0
Estonia,2020-07-20,0.0
Finland,2020-03-07,1.0
Finland,2020-03-08,0.0
Finland,2020-03-09,0.0
Finland,2020-03-10,0.0
Finland,2020-03-11,0.0
Finland,2020-03-12,0.0
Finland,2020-03-13,0.0
Finland,2020-03-14,1.0
Finland,2020-03-15,1.0
Finland,2020-03-16,0.0
Finland,2020-03-17,1.0
Finland,2020-03-18,2.0
Finland,2020-03-19,0.0
Finland,2020-03-20,1.0
Finland,2020-03-21,1.0
Finland,2020-03-22,2.0
Finland,2020-03-23,1.0
Finland,2020-03-24,4.0
Finland,2020-03-25,1.0
Finland,2020-03-26,5.0
Finland,2020-03-27,4.0
Finland,2020-03-28,2.0
Finland,2020-03-29,4.0
Finland,2020-03-30,10.0
Finland,2020-03-31,10.0
Finland,2020-04-01,7.0
Finland,2020-04-02,4.0
Finland,2020-04-03,6.0
Finland,2020-04-04,5.0
Finland,2020-04-05,7.0
Finland,2020-04-06,4.0
Finland,2020-04-07,10.0
Finland,2020-04-08,17.0
Finland,2020-04-09,8.0
Finland,2020-04-10,11.0
Finland,2020-04-11,3.0
Finland,2020-04-12,3.0
Finland,2020-04-13,11.0
Finland,2020-04-14,12.0
Finland,2020-04-15,10.0
Finland,2020-04-16,14.0
Finland,2020-04-17,12.0
Finland,2020-04-18,10.0
Finland,2020-04-19,0.0
Finland,2020-04-20,6.0
Finland,2020-04-21,17.0
Finland,2020-04-22,4.0
Finland,2020-04-23,6.0
Finland,2020-04-24,0.0
Finland,2020-04-25,3.0
Finland,2020-04-26,6.0
Finland,2020-04-27,5.0
Finland,2020-04-28,1.0
Finland,2020-04-29,2.0
Finland,2020-04-30,1.0
Finland,2020-05-01,4.0
Finland,2020-05-02,2.0
Finland,2020-05-03,3.0
Finland,2020-05-04,3.0
Finland,2020-05-05,7.0
Finland,2020-05-06,4.0
Finland,2020-05-07,2.0
Finland,2020-05-08,7.0
Finland,2020-05-09,1.0
Finland,2020-05-10,2.0
Finland,2020-05-11,0.0
Finland,2020-05-12,1.0
Finland,2020-05-13,2.0
Finland,2020-05-14,2.0
Finland,2020-05-15,0.0
Finland,2020-05-16,1.0
Finland,2020-05-17,2.0
Finland,2020-05-18,0.0
Finland,2020-05-19,2.0
Finland,2020-05-20,0.0
Finland,2020-05-21,1.0
Finland,2020-05-22,0.0
Finland,2020-05-23,1.0
Finland,2020-05-24,0.0
Finland,2020-05-25,0.0
Finland,2020-05-26,1.0
Finland,2020-05-27,0.0
Finland,2020-05-28,0.0
Finland,2020-05-29,0.0
Finland,2020-05-30,1.0
Finland,2020-05-31,0.0
Finland,2020-06-01,0.0
Finland,2020-06-02,0.0
Finland,2020-06-03,0.0
Finland,2020-06-04,0.0
Finland,2020-06-05,0.0
Finland,2020-06-06,0.0
Finland,2020-06-07,0.0
Finland,2020-06-08,0.0
Finland,2020-06-09,0.0
Finland,2020-06-10,0.0
Finland,2020-06-11,0.0
Finland,2020-06-12,0.0
Finland,2020-06-13,0.0
Finland,2020-06-14,0.0
Finland,2020-06-15,0.0
Finland,2020-06-16,0.0
Finland,2020-06-17,0.0
Finland,2020-06-18,0.0
Finland,2020-06-19,0.0
Finland,2020-06-20,0.0
Finland,2020-06-21,1.0
Finland,2020-06-22,1.0
Finland,2020-06-23,0.0
Finland,2020-06-24,0.0
Finland,2020-06-25,1.0
Finland,2020-06-26,0.0
Finland,2020-06-27,0.0
Finland,2020-06-28,0.0
Finland,2020-06-29,0.0
Finland,2020-06-30,1.0
Finland,2020-07-01,0.0
Finland,2020-07-02,0.0
Finland,2020-07-03,0.0
Finland,2020-07-04,0.0
Finland,2020-07-05,0.0
Finland,2020-07-06,0.0
Finland,2020-07-07,0.0
Finland,2020-07-08,0.0
Finland,2020-07-09,0.0
Finland,2020-07-10,0.0
Finland,2020-07-11,0.0
Finland,2020-07-12,0.0
Finland,2020-07-13,0.0
Finland,2020-07-14,0.0
Finland,2020-07-15,0.0
Finland,2020-07-16,0.0
Finland,2020-07-17,0.0
Finland,2020-07-18,0.0
Finland,2020-07-19,0.0
Finland,2020-07-20,0.0
France,2020-02-15,1.0
France,2020-02-16,0.0
France,2020-02-17,0.0
France,2020-02-18,0.0
France,2020-02-19,0.0
France,2020-02-20,0.0
France,2020-02-21,0.0
France,2020-02-22,0.0
France,2020-02-23,0.0
France,2020-02-24,0.0
France,2020-02-25,0.0
France,2020-02-26,1.0
France,2020-02-27,0.0
France,2020-02-28,0.0
France,2020-02-29,0.0
France,2020-03-01,0.0
France,2020-03-02,1.0
France,2020-03-03,1.0
France,2020-03-04,0.0
France,2020-03-05,3.0
France,2020-03-06,2.0
France,2020-03-07,7.0
France,2020-03-08,3.0
France,2020-03-09,6.0
France,2020-03-10,8.0
France,2020-03-11,15.0
France,2020-03-12,0.0
France,2020-03-13,31.0
France,2020-03-14,12.0
France,2020-03-15,0.0
France,2020-03-16,58.0
France,2020-03-17,0.0
France,2020-03-18,0.0
France,2020-03-19,95.0
France,2020-03-20,207.0
France,2020-03-21,112.0
France,2020-03-22,113.0
France,2020-03-23,186.0
France,2020-03-24,240.0
France,2020-03-25,231.0
France,2020-03-26,364.0
France,2020-03-27,299.0
France,2020-03-28,318.0
France,2020-03-29,294.0
France,2020-03-30,417.0
France,2020-03-31,501.0
France,2020-04-01,1253.0
France,2020-04-02,609.0
France,2020-04-03,1122.0
France,2020-04-04,1052.0
France,2020-04-05,519.0
France,2020-04-06,833.0
France,2020-04-07,1416.0
France,2020-04-08,544.0
France,2020-04-09,1340.0
France,2020-04-10,985.0
France,2020-04-11,636.0
France,2020-04-12,561.0
France,2020-04-13,573.0
France,2020-04-14,743.0
France,2020-04-15,1438.0
France,2020-04-16,753.0
France,2020-04-17,761.0
France,2020-04-18,641.0
France,2020-04-19,389.0
France,2020-04-20,547.0
France,2020-04-21,528.0
France,2020-04-22,544.0
France,2020-04-23,516.0
France,2020-04-24,389.0
France,2020-04-25,369.0
France,2020-04-26,243.0
France,2020-04-27,437.0
France,2020-04-28,367.0
France,2020-04-29,426.0
France,2020-04-30,289.0
France,2020-05-01,217.0
France,2020-05-02,197.0
France,2020-05-03,135.0
France,2020-05-04,306.0
France,2020-05-05,333.0
France,2020-05-06,275.0
France,2020-05-07,179.0
France,2020-05-08,242.0
France,2020-05-09,80.0
France,2020-05-10,70.0
France,2020-05-11,263.0
France,2020-05-12,348.0
France,2020-05-13,85.0
France,2020-05-14,351.0
France,2020-05-15,102.0
France,2020-05-16,98.0
France,2020-05-17,483.0
France,2020-05-18,129.0
France,2020-05-20,111.0
France,2020-05-21,82.0
France,2020-05-22,148.0
France,2020-05-23,86.0
France,2020-05-25,89.0
France,2020-05-26,137.0
France,2020-05-27,1.0
France,2020-05-28,67.0
France,2020-05-29,51.0
France,2020-05-30,57.0
France,2020-05-31,31.0
France,2020-06-01,32.0
France,2020-06-02,106.0
France,2020-06-03,81.0
France,2020-06-04,45.0
France,2020-06-05,45.0
France,2020-06-06,31.0
France,2020-06-07,13.0
France,2020-06-08,55.0
France,2020-06-09,88.0
France,2020-06-10,21.0
France,2020-06-11,27.0
France,2020-06-12,28.0
France,2020-06-13,24.0
France,2020-06-14,10.0
France,2020-06-15,28.0
France,2020-06-16,114.0
France,2020-06-17,25.0
France,2020-06-18,28.0
France,2020-06-19,14.0
France,2020-06-20,18.0
France,2020-06-21,6.0
France,2020-06-22,24.0
France,2020-06-23,54.0
France,2020-06-24,13.0
France,2020-06-25,19.0
France,2020-06-26,26.0
France,2020-06-27,1.0
France,2020-06-28,0.0
France,2020-06-29,35.0
France,2020-06-30,30.0
France,2020-07-01,19.0
France,2020-07-02,13.0
France,2020-07-03,18.0
France,2020-07-04,0.0
France,2020-07-06,30.0
France,2020-07-07,11.0
France,2020-07-08,31.0
France,2020-07-09,16.0
France,2020-07-10,26.0
France,2020-07-11,3.0
France,2020-07-12,0.0
France,2020-07-13,23.0
France,2020-07-14,2.0
France,2020-07-15,88.0
France,2020-07-16,17.0
France,2020-07-17,13.0
France,2020-07-18,3.0
France,2020-07-19,0.0
France,2020-07-20,24.0
Germany,2020-03-09,2.0
Germany,2020-03-10,0.0
Germany,2020-03-11,1.0
Germany,2020-03-12,2.0
Germany,2020-03-13,0.0
Germany,2020-03-14,3.0
Germany,2020-03-15,4.0
Germany,2020-03-16,1.0
Germany,2020-03-18,0.0
Germany,2020-03-19,8.0
Germany,2020-03-20,11.0
Germany,2020-03-21,16.0
Germany,2020-03-22,8.0
Germany,2020-03-23,31.0
Germany,2020-03-24,28.0
Germany,2020-03-25,35.0
Germany,2020-03-26,49.0
Germany,2020-03-27,55.0
Germany,2020-03-28,72.0
Germany,2020-03-29,64.0
Germany,2020-03-30,66.0
Germany,2020-03-31,128.0
Germany,2020-04-01,149.0
Germany,2020-04-02,140.0
Germany,2020-04-03,145.0
Germany,2020-04-04,141.0
Germany,2020-04-05,184.0
Germany,2020-04-06,92.0
Germany,2020-04-07,173.0
Germany,2020-04-08,254.0
Germany,2020-04-09,246.0
Germany,2020-04-10,266.0
Germany,2020-04-11,171.0
Germany,2020-04-12,129.0
Germany,2020-04-13,126.0
Germany,2020-04-14,170.0
Germany,2020-04-15,285.0
Germany,2020-04-16,315.0
Germany,2020-04-17,299.0
Germany,2020-04-18,242.0
Germany,2020-04-19,184.0
Germany,2020-04-20,110.0
Germany,2020-04-21,194.0
Germany,2020-04-22,281.0
Germany,2020-04-23,215.0
Germany,2020-04-24,227.0
Germany,2020-04-25,179.0
Germany,2020-04-26,140.0
Germany,2020-04-27,110.0
Germany,2020-04-28,163.0
Germany,2020-04-29,202.0
Germany,2020-04-30,173.0
Germany,2020-05-01,193.0
Germany,2020-05-02,94.0
Germany,2020-05-03,74.0
Germany,2020-05-04,43.0
Germany,2020-05-05,139.0
Germany,2020-05-06,165.0
Germany,2020-05-07,123.0
Germany,2020-05-08,147.0
Germany,2020-05-09,103.0
Germany,2020-05-10,26.0
Germany,2020-05-11,22.0
Germany,2020-05-12,116.0
Germany,2020-05-13,101.0
Germany,2020-05-14,89.0
Germany,2020-05-15,101.0
Germany,2020-05-16,57.0
Germany,2020-05-17,33.0
Germany,2020-05-18,21.0
Germany,2020-05-19,72.0
Germany,2020-05-20,83.0
Germany,2020-05-21,57.0
Germany,2020-05-22,27.0
Germany,2020-05-23,42.0
Germany,2020-05-24,31.0
Germany,2020-05-25,10.0
Germany,2020-05-26,45.0
Germany,2020-05-27,47.0
Germany,2020-05-28,62.0
Germany,2020-05-29,39.0
Germany,2020-05-30,39.0
Germany,2020-05-31,11.0
Germany,2020-06-01,11.0
Germany,2020-06-02,11.0
Germany,2020-06-03,29.0
Germany,2020-06-04,30.0
Germany,2020-06-05,32.0
Germany,2020-06-06,33.0
Germany,2020-06-07,22.0
Germany,2020-06-08,6.0
Germany,2020-06-09,37.0
Germany,2020-06-10,18.0
Germany,2020-06-11,26.0
Germany,2020-06-12,8.0
Germany,2020-06-13,18.0
Germany,2020-06-14,6.0
Germany,2020-06-15,4.0
Germany,2020-06-16,9.0
Germany,2020-06-17,30.0
Germany,2020-06-18,26.0
Germany,2020-06-19,16.0
Germany,2020-06-20,11.0
Germany,2020-06-22,3.0
Germany,2020-06-23,10.0
Germany,2020-06-24,19.0
Germany,2020-06-25,13.0
Germany,2020-06-26,21.0
Germany,2020-06-27,6.0
Germany,2020-06-28,3.0
Germany,2020-06-29,4.0
Germany,2020-06-30,12.0
Germany,2020-07-01,12.0
Germany,2020-07-02,9.0
Germany,2020-07-03,9.0
Germany,2020-07-04,7.0
Germany,2020-07-05,2.0
Germany,2020-07-06,4.0
Germany,2020-07-07,8.0
Germany,2020-07-08,12.0
Germany,2020-07-09,12.0
Germany,2020-07-10,6.0
Germany,2020-07-11,6.0
Germany,2020-07-12,3.0
Germany,2020-07-13,1.0
Germany,2020-07-14,4.0
Germany,2020-07-15,3.0
Germany,2020-07-16,7.0
Germany,2020-07-17,4.0
Germany,2020-07-18,1.0
Germany,2020-07-19,1.0
Germany,2020-07-20,2.0
Greece,2020-03-11,1.0
Greece,2020-03-12,0.0
Greece,2020-03-13,0.0
Greece,2020-03-14,2.0
Greece,2020-03-15,1.0
Greece,2020-03-16,0.0
Greece,2020-03-17,1.0
Greece,2020-03-18,0.0
Greece,2020-03-19,1.0
Greece,2020-03-20,2.0
Greece,2020-03-21,5.0
Greece,2020-03-22,2.0
Greece,2020-03-23,2.0
Greece,2020-03-24,3.0
Greece,2020-03-25,2.0
Greece,2020-03-26,0.0
Greece,2020-03-27,0.0
Greece,2020-03-28,0.0
Greece,2020-03-29,16.0
Greece,2020-03-30,0.0
Greece,2020-03-31,0.0
Greece,2020-04-01,0.0
Greece,2020-04-02,0.0
Greece,2020-04-03,21.0
Greece,2020-04-04,9.0
Greece,2020-04-05,5.0
Greece,2020-04-06,6.0
Greece,2020-04-07,2.0
Greece,2020-04-08,2.0
Greece,2020-04-09,3.0
Greece,2020-04-10,4.0
Greece,2020-04-11,3.0
Greece,2020-04-12,0.0
Greece,2020-04-13,6.0
Greece,2020-04-14,2.0
Greece,2020-04-15,1.0
Greece,2020-04-16,3.0
Greece,2020-04-17,3.0
Greece,2020-04-18,2.0
Greece,2020-04-19,6.0
Greece,2020-04-20,0.0
Greece,2020-04-21,5.0
Greece,2020-04-22,0.0
Greece,2020-04-23,4.0
Greece,2020-04-24,5.0
Greece,2020-04-25,0.0
Greece,2020-04-26,4.0
Greece,2020-04-27,2.0
Greece,2020-04-28,2.0
Greece,2020-04-29,1.0
Greece,2020-04-30,1.0
Greece,2020-05-01,0.0
Greece,2020-05-02,3.0
Greece,2020-05-03,1.0
Greece,2020-05-04,2.0
Greece,2020-05-05,0.0
Greece,2020-05-06,1.0
Greece,2020-05-07,1.0
Greece,2020-05-08,2.0
Greece,2020-05-09,1.0
Greece,2020-05-10,0.0
Greece,2020-05-11,0.0
Greece,2020-05-12,1.0
Greece,2020-05-13,3.0
Greece,2020-05-14,1.0
Greece,2020-05-15,4.0
Greece,2020-05-16,2.0
Greece,2020-05-17,1.0
Greece,2020-05-18,2.0
Greece,2020-05-19,0.0
Greece,2020-05-20,1.0
Greece,2020-05-21,2.0
Greece,2020-05-22,1.0
Greece,2020-05-23,2.0
Greece,2020-05-24,0.0
Greece,2020-05-25,1.0
Greece,2020-05-26,1.0
Greece,2020-05-27,0.0
Greece,2020-05-28,2.0
Greece,2020-05-29,0.0
Greece,2020-05-30,0.0
Greece,2020-05-31,0.0
Greece,2020-06-01,4.0
Greece,2020-06-02,0.0
Greece,2020-06-03,1.0
Greece,2020-06-04,0.0
Greece,2020-06-05,2.0
Greece,2020-06-06,0.0
Greece,2020-06-07,0.0
Greece,2020-06-08,0.0
Greece,2020-06-09,1.0
Greece,2020-06-10,0.0
Greece,2020-06-11,0.0
Greece,2020-06-12,0.0
Greece,2020-06-13,0.0
Greece,2020-06-14,0.0
Greece,2020-06-15,1.0
Greece,2020-06-16,1.0
Greece,2020-06-17,2.0
Greece,2020-06-18,1.0
Greece,2020-06-19,1.0
Greece,2020-06-20,1.0
Greece,2020-06-21,0.0
Greece,2020-06-22,0.0
Greece,2020-06-23,0.0
Greece,2020-06-24,0.0
Greece,2020-06-25,1.0
Greece,2020-06-26,0.0
Greece,2020-06-27,0.0
Greece,2020-06-28,0.0
Greece,2020-06-29,0.0
Greece,2020-06-30,1.0
Greece,2020-07-01,0.0
Greece,2020-07-02,0.0
Greece,2020-07-03,0.0
Greece,2020-07-04,0.0
Greece,2020-07-05,0.0
Greece,2020-07-06,0.0
Greece,2020-07-07,1.0
Greece,2020-07-08,0.0
Greece,2020-07-09,0.0
Greece,2020-07-10,0.0
Greece,2020-07-11,0.0
Greece,2020-07-12,0.0
Greece,2020-07-13,0.0
Greece,2020-07-14,0.0
Greece,2020-07-15,0.0
Greece,2020-07-16,0.0
Greece,2020-07-17,1.0
Greece,2020-07-18,0.0
Greece,2020-07-19,0.0
Greece,2020-07-20,1.0
Hungary,2020-03-15,1.0
Hungary,2020-03-16,0.0
Hungary,2020-03-17,0.0
Hungary,2020-03-18,0.0
Hungary,2020-03-19,0.0
Hungary,2020-03-20,2.0
Hungary,2020-03-21,1.0
Hungary,2020-03-22,2.0
Hungary,2020-03-23,1.0
Hungary,2020-03-24,2.0
Hungary,2020-03-25,1.0
Hungary,2020-03-26,0.0
Hungary,2020-03-27,0.0
Hungary,2020-03-28,1.0
Hungary,2020-03-29,2.0
Hungary,2020-03-30,2.0
Hungary,2020-03-31,1.0
Hungary,2020-04-01,4.0
Hungary,2020-04-02,1.0
Hungary,2020-04-03,5.0
Hungary,2020-04-04,6.0
Hungary,2020-04-05,2.0
Hungary,2020-04-06,4.0
Hungary,2020-04-07,9.0
Hungary,2020-04-08,11.0
Hungary,2020-04-09,8.0
Hungary,2020-04-10,11.0
Hungary,2020-04-11,8.0
Hungary,2020-04-12,14.0
Hungary,2020-04-13,10.0
Hungary,2020-04-14,13.0
Hungary,2020-04-15,12.0
Hungary,2020-04-16,8.0
Hungary,2020-04-17,14.0
Hungary,2020-04-18,16.0
Hungary,2020-04-19,17.0
Hungary,2020-04-20,10.0
Hungary,2020-04-21,14.0
Hungary,2020-04-22,12.0
Hungary,2020-04-23,14.0
Hungary,2020-04-24,23.0
Hungary,2020-04-25,0.0
Hungary,2020-04-26,10.0
Hungary,2020-04-27,8.0
Hungary,2020-04-28,11.0
Hungary,2020-04-29,9.0
Hungary,2020-04-30,12.0
Hungary,2020-05-01,11.0
Hungary,2020-05-02,12.0
Hungary,2020-05-03,5.0
Hungary,2020-05-04,11.0
Hungary,2020-05-05,12.0
Hungary,2020-05-06,10.0
Hungary,2020-05-07,10.0
Hungary,2020-05-08,9.0
Hungary,2020-05-09,13.0
Hungary,2020-05-10,8.0
Hungary,2020-05-11,8.0
Hungary,2020-05-12,4.0
Hungary,2020-05-13,5.0
Hungary,2020-05-14,6.0
Hungary,2020-05-15,6.0
Hungary,2020-05-16,6.0
Hungary,2020-05-17,3.0
Hungary,2020-05-18,11.0
Hungary,2020-05-19,5.0
Hungary,2020-05-20,3.0
Hungary,2020-05-21,3.0
Hungary,2020-05-22,3.0
Hungary,2020-05-23,6.0
Hungary,2020-05-24,4.0
Hungary,2020-05-25,5.0
Hungary,2020-05-26,8.0
Hungary,2020-05-27,6.0
Hungary,2020-05-28,4.0
Hungary,2020-05-29,8.0
Hungary,2020-05-30,7.0
Hungary,2020-05-31,2.0
Hungary,2020-06-01,1.0
Hungary,2020-06-02,5.0
Hungary,2020-06-03,2.0
Hungary,2020-06-04,5.0
Hungary,2020-06-05,3.0
Hungary,2020-06-06,3.0
Hungary,2020-06-07,1.0
Hungary,2020-06-08,2.0
Hungary,2020-06-09,2.0
Hungary,2020-06-10,1.0
Hungary,2020-06-11,2.0
Hungary,2020-06-12,2.0
Hungary,2020-06-13,4.0
Hungary,2020-06-14,3.0
Hungary,2020-06-15,1.0
Hungary,2020-06-16,2.0
Hungary,2020-06-17,2.0
Hungary,2020-06-18,1.0
Hungary,2020-06-19,0.0
Hungary,2020-06-20,2.0
Hungary,2020-06-21,0.0
Hungary,2020-06-22,2.0
Hungary,2020-06-23,1.0
Hungary,2020-06-24,3.0
Hungary,2020-06-25,1.0
Hungary,2020-06-26,1.0
Hungary,2020-06-27,0.0
Hungary,2020-06-28,3.0
Hungary,2020-06-29,4.0
Hungary,2020-06-30,0.0
Hungary,2020-07-01,1.0
Hungary,2020-07-02,1.0
Hungary,2020-07-03,1.0
Hungary,2020-07-04,1.0
Hungary,2020-07-05,0.0
Hungary,2020-07-06,0.0
Hungary,2020-07-07,0.0
Hungary,2020-07-08,0.0
Hungary,2020-07-09,2.0
Hungary,2020-07-10,2.0
Hungary,2020-07-11,2.0
Hungary,2020-07-12,0.0
Hungary,2020-07-13,0.0
Hungary,2020-07-14,0.0
Hungary,2020-07-15,0.0
Hungary,2020-07-16,0.0
Hungary,2020-07-17,0.0
Hungary,2020-07-18,1.0
Hungary,2020-07-19,0.0
Hungary,2020-07-20,0.0
Ireland,2020-03-11,1.0
Ireland,2020-03-12,0.0
Ireland,2020-03-13,0.0
Ireland,2020-03-14,1.0
Ireland,2020-03-15,0.0
Ireland,2020-03-16,0.0
Ireland,2020-03-17,0.0
Ireland,2020-03-18,0.0
Ireland,2020-03-19,1.0
Ireland,2020-03-20,0.0
Ireland,2020-03-21,0.0
Ireland,2020-03-22,1.0
Ireland,2020-03-23,2.0
Ireland,2020-03-24,1.0
Ireland,2020-03-25,2.0
Ireland,2020-03-26,10.0
Ireland,2020-03-27,3.0
Ireland,2020-03-28,14.0
Ireland,2020-03-29,10.0
Ireland,2020-03-30,8.0
Ireland,2020-03-31,17.0
Ireland,2020-04-01,14.0
Ireland,2020-04-02,13.0
Ireland,2020-04-03,22.0
Ireland,2020-04-04,17.0
Ireland,2020-04-05,21.0
Ireland,2020-04-06,16.0
Ireland,2020-04-07,36.0
Ireland,2020-04-08,25.0
Ireland,2020-04-09,28.0
Ireland,2020-04-10,24.0
Ireland,2020-04-11,33.0
Ireland,2020-04-12,14.0
Ireland,2020-04-13,31.0
Ireland,2020-04-14,41.0
Ireland,2020-04-15,38.0
Ireland,2020-04-16,42.0
Ireland,2020-04-17,44.0
Ireland,2020-04-18,41.0
Ireland,2020-04-19,39.0
Ireland,2020-04-20,77.0
Ireland,2020-04-21,43.0
Ireland,2020-04-22,39.0
Ireland,2020-04-23,25.0
Ireland,2020-04-24,220.0
Ireland,2020-04-25,49.0
Ireland,2020-04-26,24.0
Ireland,2020-04-27,15.0
Ireland,2020-04-28,57.0
Ireland,2020-04-29,31.0
Ireland,2020-04-30,42.0
Ireland,2020-05-01,33.0
Ireland,2020-05-02,21.0
Ireland,2020-05-03,17.0
Ireland,2020-05-04,16.0
Ireland,2020-05-05,20.0
Ireland,2020-05-06,36.0
Ireland,2020-05-07,28.0
Ireland,2020-05-08,26.0
Ireland,2020-05-09,17.0
Ireland,2020-05-10,12.0
Ireland,2020-05-11,9.0
Ireland,2020-05-12,21.0
Ireland,2020-05-13,9.0
Ireland,2020-05-14,9.0
Ireland,2020-05-15,12.0
Ireland,2020-05-16,15.0
Ireland,2020-05-17,10.0
Ireland,2020-05-18,4.0
Ireland,2020-05-19,14.0
Ireland,2020-05-20,10.0
Ireland,2020-05-21,12.0
Ireland,2020-05-22,9.0
Ireland,2020-05-23,12.0
Ireland,2020-05-24,4.0
Ireland,2020-05-26,9.0
Ireland,2020-05-27,16.0
Ireland,2020-05-28,8.0
Ireland,2020-05-29,6.0
Ireland,2020-05-30,6.0
Ireland,2020-05-31,1.0
Ireland,2020-06-02,8.0
Ireland,2020-06-03,1.0
Ireland,2020-06-04,5.0
Ireland,2020-06-05,6.0
Ireland,2020-06-06,8.0
Ireland,2020-06-07,1.0
Ireland,2020-06-08,4.0
Ireland,2020-06-09,8.0
Ireland,2020-06-10,4.0
Ireland,2020-06-11,8.0
Ireland,2020-06-12,2.0
Ireland,2020-06-13,0.0
Ireland,2020-06-14,1.0
Ireland,2020-06-15,0.0
Ireland,2020-06-16,3.0
Ireland,2020-06-17,1.0
Ireland,2020-06-18,4.0
Ireland,2020-06-19,0.0
Ireland,2020-06-20,1.0
Ireland,2020-06-21,0.0
Ireland,2020-06-22,2.0
Ireland,2020-06-23,3.0
Ireland,2020-06-24,6.0
Ireland,2020-06-25,1.0
Ireland,2020-06-26,3.0
Ireland,2020-06-27,4.0
Ireland,2020-06-28,1.0
Ireland,2020-06-29,0.0
Ireland,2020-06-30,1.0
Ireland,2020-07-01,2.0
Ireland,2020-07-02,0.0
Ireland,2020-07-03,2.0
Ireland,2020-07-04,1.0
Ireland,2020-07-05,0.0
Ireland,2020-07-06,0.0
Ireland,2020-07-07,1.0
Ireland,2020-07-09,5.0
Ireland,2020-07-10,1.0
Ireland,2020-07-11,2.0
Ireland,2020-07-12,0.0
Ireland,2020-07-13,0.0
Ireland,2020-07-14,0.0
Ireland,2020-07-15,2.0
Ireland,2020-07-16,1.0
Ireland,2020-07-17,3.0
Ireland,2020-07-18,1.0
Ireland,2020-07-19,0.0
Ireland,2020-07-20,0.0
Italy,2020-02-21,1.0
Italy,2020-02-22,1.0
Italy,2020-02-23,1.0
Italy,2020-02-24,4.0
Italy,2020-02-25,3.0
Italy,2020-02-26,2.0
Italy,2020-02-27,5.0
Italy,2020-02-28,4.0
Italy,2020-02-29,8.0
Italy,2020-03-01,5.0
Italy,2020-03-02,18.0
Italy,2020-03-03,27.0
Italy,2020-03-04,28.0
Italy,2020-03-05,41.0
Italy,2020-03-06,49.0
Italy,2020-03-07,36.0
Italy,2020-03-08,133.0
Italy,2020-03-09,97.0
Italy,2020-03-10,168.0
Italy,2020-03-11,196.0
Italy,2020-03-12,189.0
Italy,2020-03-13,250.0
Italy,2020-03-14,175.0
Italy,2020-03-15,368.0
Italy,2020-03-16,349.0
Italy,2020-03-17,345.0
Italy,2020-03-18,475.0
Italy,2020-03-19,427.0
Italy,2020-03-20,627.0
Italy,2020-03-21,793.0
Italy,2020-03-22,651.0
Italy,2020-03-23,601.0
Italy,2020-03-24,743.0
Italy,2020-03-25,683.0
Italy,2020-03-26,712.0
Italy,2020-03-27,919.0
Italy,2020-03-28,889.0
Italy,2020-03-29,756.0
Italy,2020-03-30,812.0
Italy,2020-03-31,837.0
Italy,2020-04-01,727.0
Italy,2020-04-02,760.0
Italy,2020-04-03,766.0
Italy,2020-04-04,681.0
Italy,2020-04-05,525.0
Italy,2020-04-06,636.0
Italy,2020-04-07,604.0
Italy,2020-04-08,542.0
Italy,2020-04-09,610.0
Italy,2020-04-10,570.0
Italy,2020-04-11,619.0
Italy,2020-04-12,431.0
Italy,2020-04-13,566.0
Italy,2020-04-14,602.0
Italy,2020-04-15,578.0
Italy,2020-04-16,525.0
Italy,2020-04-17,575.0
Italy,2020-04-18,482.0
Italy,2020-04-19,433.0
Italy,2020-04-20,454.0
Italy,2020-04-21,534.0
Italy,2020-04-22,437.0
Italy,2020-04-23,464.0
Italy,2020-04-24,420.0
Italy,2020-04-25,415.0
Italy,2020-04-26,260.0
Italy,2020-04-27,333.0
Italy,2020-04-28,382.0
Italy,2020-04-29,323.0
Italy,2020-04-30,285.0
Italy,2020-05-01,269.0
Italy,2020-05-02,474.0
Italy,2020-05-03,174.0
Italy,2020-05-04,195.0
Italy,2020-05-05,236.0
Italy,2020-05-06,369.0
Italy,2020-05-07,274.0
Italy,2020-05-08,243.0
Italy,2020-05-09,194.0
Italy,2020-05-10,165.0
Italy,2020-05-11,179.0
Italy,2020-05-12,172.0
Italy,2020-05-13,195.0
Italy,2020-05-14,262.0
Italy,2020-05-15,242.0
Italy,2020-05-16,153.0
Italy,2020-05-17,145.0
Italy,2020-05-18,99.0
Italy,2020-05-19,162.0
Italy,2020-05-20,161.0
Italy,2020-05-21,156.0
Italy,2020-05-22,130.0
Italy,2020-05-23,119.0
Italy,2020-05-24,50.0
Italy,2020-05-25,92.0
Italy,2020-05-26,78.0
Italy,2020-05-27,117.0
Italy,2020-05-28,70.0
Italy,2020-05-29,87.0
Italy,2020-05-30,111.0
Italy,2020-05-31,75.0
Italy,2020-06-01,60.0
Italy,2020-06-02,55.0
Italy,2020-06-03,71.0
Italy,2020-06-04,88.0
Italy,2020-06-05,85.0
Italy,2020-06-06,72.0
Italy,2020-06-07,53.0
Italy,2020-06-08,65.0
Italy,2020-06-09,79.0
Italy,2020-06-10,71.0
Italy,2020-06-11,53.0
Italy,2020-06-12,56.0
Italy,2020-06-13,78.0
Italy,2020-06-14,44.0
Italy,2020-06-15,26.0
Italy,2020-06-16,34.0
Italy,2020-06-17,43.0
Italy,2020-06-18,66.0
Italy,2020-06-19,47.0
Italy,2020-06-20,49.0
Italy,2020-06-21,24.0
Italy,2020-06-22,23.0
Italy,2020-06-23,18.0
Italy,2020-06-25,34.0
Italy,2020-06-26,30.0
Italy,2020-06-27,8.0
Italy,2020-06-28,22.0
Italy,2020-06-29,6.0
Italy,2020-06-30,23.0
Italy,2020-07-01,21.0
Italy,2020-07-02,30.0
Italy,2020-07-03,15.0
Italy,2020-07-04,21.0
Italy,2020-07-05,7.0
Italy,2020-07-06,8.0
Italy,2020-07-07,30.0
Italy,2020-07-08,15.0
Italy,2020-07-09,12.0
Italy,2020-07-10,12.0
Italy,2020-07-11,7.0
Italy,2020-07-12,9.0
Italy,2020-07-13,13.0
Italy,2020-07-14,17.0
Italy,2020-07-15,13.0
Italy,2020-07-16,20.0
Italy,2020-07-17,11.0
Italy,2020-07-18,14.0
Italy,2020-07-19,3.0
Italy,2020-07-20,13.0
Latvia,2020-04-03,1.0
Latvia,2020-04-04,0.0
Latvia,2020-04-05,0.0
Latvia,2020-04-06,0.0
Latvia,2020-04-07,1.0
Latvia,2020-04-08,0.0
Latvia,2020-04-09,1.0
Latvia,2020-04-10,0.0
Latvia,2020-04-11,0.0
Latvia,2020-04-12,2.0
Latvia,2020-04-13,0.0
Latvia,2020-04-14,0.0
Latvia,2020-04-15,0.0
Latvia,2020-04-16,0.0
Latvia,2020-04-17,0.0
Latvia,2020-04-18,0.0
Latvia,2020-04-19,0.0
Latvia,2020-04-20,0.0
Latvia,2020-04-21,4.0
Latvia,2020-04-22,2.0
Latvia,2020-04-23,0.0
Latvia,2020-04-24,1.0
Latvia,2020-04-25,0.0
Latvia,2020-04-26,0.0
Latvia,2020-04-27,1.0
Latvia,2020-04-28,0.0
Latvia,2020-04-29,2.0
Latvia,2020-04-30,0.0
Latvia,2020-05-01,1.0
Latvia,2020-05-02,0.0
Latvia,2020-05-03,0.0
Latvia,2020-05-04,0.0
Latvia,2020-05-05,1.0
Latvia,2020-05-06,0.0
Latvia,2020-05-07,1.0
Latvia,2020-05-08,0.0
Latvia,2020-05-09,0.0
Latvia,2020-05-10,0.0
Latvia,2020-05-11,0.0
Latvia,2020-05-12,0.0
Latvia,2020-05-13,1.0
Latvia,2020-05-14,0.0
Latvia,2020-05-15,0.0
Latvia,2020-05-16,0.0
Latvia,2020-05-17,0.0
Latvia,2020-05-18,0.0
Latvia,2020-05-19,2.0
Latvia,2020-05-20,0.0
Latvia,2020-05-21,1.0
Latvia,2020-05-22,0.0
Latvia,2020-05-23,0.0
Latvia,2020-05-24,0.0
Latvia,2020-05-25,0.0
Latvia,2020-05-26,0.0
Latvia,2020-05-27,1.0
Latvia,2020-05-28,1.0
Latvia,2020-05-29,0.0
Latvia,2020-05-30,0.0
Latvia,2020-05-31,0.0
Latvia,2020-06-01,0.0
Latvia,2020-06-02,0.0
Latvia,2020-06-03,0.0
Latvia,2020-06-04,1.0
Latvia,2020-06-05,0.0
Latvia,2020-06-06,0.0
Latvia,2020-06-07,0.0
Latvia,2020-06-08,1.0
Latvia,2020-06-09,0.0
Latvia,2020-06-10,0.0
Latvia,2020-06-11,0.0
Latvia,2020-06-12,1.0
Latvia,2020-06-13,1.0
Latvia,2020-06-14,0.0
Latvia,2020-06-15,0.0
Latvia,2020-06-16,0.0
Latvia,2020-06-17,2.0
Latvia,2020-06-18,0.0
Latvia,2020-06-19,0.0
Latvia,2020-06-20,0.0
Latvia,2020-06-21,0.0
Latvia,2020-06-22,0.0
Latvia,2020-06-23,0.0
Latvia,2020-06-24,0.0
Latvia,2020-06-25,0.0
Latvia,2020-06-26,0.0
Latvia,2020-06-27,0.0
Latvia,2020-06-28,0.0
Latvia,2020-06-29,0.0
Latvia,2020-06-30,0.0
Latvia,2020-07-01,0.0
Latvia,2020-07-02,0.0
Latvia,2020-07-03,0.0
Latvia,2020-07-04,0.0
Latvia,2020-07-05,0.0
Latvia,2020-07-06,0.0
Latvia,2020-07-07,0.0
Latvia,2020-07-08,0.0
Latvia,2020-07-09,0.0
Latvia,2020-07-10,0.0
Latvia,2020-07-11,0.0
Latvia,2020-07-12,0.0
Latvia,2020-07-13,1.0
Latvia,2020-07-14,0.0
Latvia,2020-07-15,0.0
Latvia,2020-07-16,0.0
Latvia,2020-07-17,0.0
Latvia,2020-07-18,0.0
Latvia,2020-07-19,0.0
Latvia,2020-07-20,0.0
Lithuania,2020-03-24,1.0
Lithuania,2020-03-25,1.0
Lithuania,2020-03-26,1.0
Lithuania,2020-03-27,1.0
Lithuania,2020-03-28,0.0
Lithuania,2020-03-29,0.0
Lithuania,2020-03-30,0.0
Lithuania,2020-03-31,0.0
Lithuania,2020-04-01,2.0
Lithuania,2020-04-02,0.0
Lithuania,2020-04-03,0.0
Lithuania,2020-04-04,1.0
Lithuania,2020-04-05,1.0
Lithuania,2020-04-06,2.0
Lithuania,2020-04-07,1.0
Lithuania,2020-04-08,0.0
Lithuania,2020-04-09,0.0
Lithuania,2020-04-10,1.0
Lithuania,2020-04-11,1.0
Lithuania,2020-04-12,1.0
Lithuania,2020-04-13,1.0
Lithuania,2020-04-14,1.0
Lithuania,2020-04-15,4.0
Lithuania,2020-04-16,0.0
Lithuania,2020-04-17,1.0
Lithuania,2020-04-18,1.0
Lithuania,2020-04-19,1.0
Lithuania,2020-04-20,3.0
Lithuania,2020-04-21,0.0
Lithuania,2020-04-22,1.0
Lithuania,2020-04-23,0.0
Lithuania,2020-04-24,1.0
Lithuania,2020-04-25,1.0
Lithuania,2020-04-26,2.0
Lithuania,2020-04-27,1.0
Lithuania,2020-04-28,0.0
Lithuania,2020-04-29,0.0
Lithuania,2020-04-30,0.0
Lithuania,2020-05-01,0.0
Lithuania,2020-05-02,1.0
Lithuania,2020-05-03,0.0
Lithuania,2020-05-04,0.0
Lithuania,2020-05-05,0.0
Lithuania,2020-05-06,1.0
Lithuania,2020-05-07,1.0
Lithuania,2020-05-08,0.0
Lithuania,2020-05-09,0.0
Lithuania,2020-05-10,1.0
Lithuania,2020-05-11,0.0
Lithuania,2020-05-12,3.0
Lithuania,2020-05-13,0.0
Lithuania,2020-05-14,0.0
Lithuania,2020-05-15,2.0
Lithuania,2020-05-16,1.0
Lithuania,2020-05-17,1.0
Lithuania,2020-05-18,2.0
Lithuania,2020-05-19,0.0
Lithuania,2020-05-20,1.0
Lithuania,2020-05-21,0.0
Lithuania,2020-05-22,0.0
Lithuania,2020-05-23,1.0
Lithuania,2020-05-24,1.0
Lithuania,2020-05-25,1.0
Lithuania,2020-05-26,2.0
Lithuania,2020-05-27,0.0
Lithuania,2020-05-28,1.0
Lithuania,2020-05-29,0.0
Lithuania,2020-05-30,2.0
Lithuania,2020-05-31,0.0
Lithuania,2020-06-01,1.0
Lithuania,2020-06-02,0.0
Lithuania,2020-06-03,0.0
Lithuania,2020-06-04,0.0
Lithuania,2020-06-05,0.0
Lithuania,2020-06-06,0.0
Lithuania,2020-06-07,1.0
Lithuania,2020-06-08,2.0
Lithuania,2020-06-09,0.0
Lithuania,2020-06-10,0.0
Lithuania,2020-06-11,0.0
Lithuania,2020-06-12,1.0
Lithuania,2020-06-13,0.0
Lithuania,2020-06-14,0.0
Lithuania,2020-06-15,1.0
Lithuania,2020-06-16,0.0
Lithuania,2020-06-17,0.0
Lithuania,2020-06-18,0.0
Lithuania,2020-06-19,0.0
Lithuania,2020-06-20,0.0
Lithuania,2020-06-21,0.0
Lithuania,2020-06-22,0.0
Lithuania,2020-06-23,1.0
Lithuania,2020-06-24,0.0
Lithuania,2020-06-25,0.0
Lithuania,2020-06-26,0.0
Lithuania,2020-06-27,0.0
Lithuania,2020-06-28,0.0
Lithuania,2020-06-29,0.0
Lithuania,2020-06-30,0.0
Lithuania,2020-07-01,0.0
Lithuania,2020-07-02,1.0
Lithuania,2020-07-03,0.0
Lithuania,2020-07-04,0.0
Lithuania,2020-07-05,0.0
Lithuania,2020-07-06,0.0
Lithuania,2020-07-07,0.0
Lithuania,2020-07-08,0.0
Lithuania,2020-07-09,0.0
Lithuania,2020-07-10,0.0
Lithuania,2020-07-11,0.0
Lithuania,2020-07-12,0.0
Lithuania,2020-07-13,0.0
Lithuania,2020-07-14,0.0
Lithuania,2020-07-15,0.0
Lithuania,2020-07-16,0.0
Lithuania,2020-07-17,0.0
Lithuania,2020-07-18,1.0
Lithuania,2020-07-19,0.0
Lithuania,2020-07-20,0.0
Luxembourg,2020-03-14,1.0
Luxembourg,2020-03-15,0.0
Luxembourg,2020-03-16,0.0
Luxembourg,2020-03-17,0.0
Luxembourg,2020-03-18,1.0
Luxembourg,2020-03-19,2.0
Luxembourg,2020-03-20,0.0
Luxembourg,2020-03-21,4.0
Luxembourg,2020-03-22,0.0
Luxembourg,2020-03-23,0.0
Luxembourg,2020-03-24,0.0
Luxembourg,2020-03-25,0.0
Luxembourg,2020-03-26,1.0
Luxembourg,2020-03-27,6.0
Luxembourg,2020-03-28,3.0
Luxembourg,2020-03-29,3.0
Luxembourg,2020-03-30,1.0
Luxembourg,2020-03-31,1.0
Luxembourg,2020-04-01,6.0
Luxembourg,2020-04-02,1.0
Luxembourg,2020-04-03,1.0
Luxembourg,2020-04-04,0.0
Luxembourg,2020-04-05,5.0
Luxembourg,2020-04-06,5.0
Luxembourg,2020-04-07,3.0
Luxembourg,2020-04-08,2.0
Luxembourg,2020-04-09,6.0
Luxembourg,2020-04-10,2.0
Luxembourg,2020-04-11,8.0
Luxembourg,2020-04-12,4.0
Luxembourg,2020-04-13,3.0
Luxembourg,2020-04-15,2.0
Luxembourg,2020-04-16,0.0
Luxembourg,2020-04-17,3.0
Luxembourg,2020-04-18,0.0
Luxembourg,2020-04-19,1.0
Luxembourg,2020-04-20,2.0
Luxembourg,2020-04-21,3.0
Luxembourg,2020-04-22,2.0
Luxembourg,2020-04-23,3.0
Luxembourg,2020-04-24,2.0
Luxembourg,2020-04-25,0.0
Luxembourg,2020-04-26,3.0
Luxembourg,2020-04-27,0.0
Luxembourg,2020-04-28,1.0
Luxembourg,2020-04-29,0.0
Luxembourg,2020-04-30,1.0
Luxembourg,2020-05-01,2.0
Luxembourg,2020-05-02,0.0
Luxembourg,2020-05-03,4.0
Luxembourg,2020-05-04,0.0
Luxembourg,2020-05-05,0.0
Luxembourg,2020-05-06,2.0
Luxembourg,2020-05-07,2.0
Luxembourg,2020-05-08,0.0
Luxembourg,2020-05-09,1.0
Luxembourg,2020-05-10,0.0
Luxembourg,2020-05-11,0.0
Luxembourg,2020-05-12,1.0
Luxembourg,2020-05-13,1.0
Luxembourg,2020-05-14,0.0
Luxembourg,2020-05-15,1.0
Luxembourg,2020-05-16,0.0
Luxembourg,2020-05-17,3.0
Luxembourg,2020-05-18,0.0
Luxembourg,2020-05-19,2.0
Luxembourg,2020-05-20,0.0
Luxembourg,2020-05-21,0.0
Luxembourg,2020-05-22,0.0
Luxembourg,2020-05-23,0.0
Luxembourg,2020-05-24,1.0
Luxembourg,2020-05-25,0.0
Luxembourg,2020-05-26,0.0
Luxembourg,2020-05-27,0.0
Luxembourg,2020-05-28,0.0
Luxembourg,2020-05-29,0.0
Luxembourg,2020-05-30,0.0
Luxembourg,2020-05-31,0.0
Luxembourg,2020-06-01,0.0
Luxembourg,2020-06-02,0.0
Luxembourg,2020-06-03,0.0
Luxembourg,2020-06-04,0.0
Luxembourg,2020-06-05,0.0
Luxembourg,2020-06-06,0.0
Luxembourg,2020-06-07,0.0
Luxembourg,2020-06-08,0.0
Luxembourg,2020-06-09,0.0
Luxembourg,2020-06-10,0.0
Luxembourg,2020-06-11,0.0
Luxembourg,2020-06-12,0.0
Luxembourg,2020-06-13,0.0
Luxembourg,2020-06-14,0.0
Luxembourg,2020-06-15,0.0
Luxembourg,2020-06-16,0.0
Luxembourg,2020-06-17,0.0
Luxembourg,2020-06-18,0.0
Luxembourg,2020-06-19,0.0
Luxembourg,2020-06-20,0.0
Luxembourg,2020-06-21,0.0
Luxembourg,2020-06-22,0.0
Luxembourg,2020-06-23,0.0
Luxembourg,2020-06-24,0.0
Luxembourg,2020-06-25,0.0
Luxembourg,2020-06-26,0.0
Luxembourg,2020-06-27,0.0
Luxembourg,2020-06-28,0.0
Luxembourg,2020-06-29,0.0
Luxembourg,2020-06-30,0.0
Luxembourg,2020-07-01,0.0
Luxembourg,2020-07-02,0.0
Luxembourg,2020-07-03,0.0
Luxembourg,2020-07-04,0.0
Luxembourg,2020-07-05,0.0
Luxembourg,2020-07-06,0.0
Luxembourg,2020-07-07,0.0
Luxembourg,2020-07-08,0.0
Luxembourg,2020-07-09,0.0
Luxembourg,2020-07-10,0.0
Luxembourg,2020-07-11,0.0
Luxembourg,2020-07-12,1.0
Luxembourg,2020-07-13,0.0
Luxembourg,2020-07-14,0.0
Luxembourg,2020-07-15,0.0
Luxembourg,2020-07-16,0.0
Luxembourg,2020-07-17,0.0
Luxembourg,2020-07-18,0.0
Luxembourg,2020-07-19,0.0
Luxembourg,2020-07-20,0.0
Malta,2020-04-08,1.0
Malta,2020-04-09,1.0
Malta,2020-04-10,0.0
Malta,2020-04-11,1.0
Malta,2020-04-12,0.0
Malta,2020-04-13,0.0
Malta,2020-04-14,0.0
Malta,2020-04-15,0.0
Malta,2020-04-16,0.0
Malta,2020-04-17,0.0
Malta,2020-04-18,0.0
Malta,2020-04-19,0.0
Malta,2020-04-20,0.0
Malta,2020-04-21,0.0
Malta,2020-04-22,0.0
Malta,2020-04-23,0.0
Malta,2020-04-24,0.0
Malta,2020-04-25,1.0
Malta,2020-04-26,0.0
Malta,2020-04-27,0.0
Malta,2020-04-28,0.0
Malta,2020-04-29,0.0
Malta,2020-04-30,0.0
Malta,2020-05-01,0.0
Malta,2020-05-02,0.0
Malta,2020-05-03,0.0
Malta,2020-05-04,0.0
Malta,2020-05-05,1.0
Malta,2020-05-06,0.0
Malta,2020-05-07,0.0
Malta,2020-05-08,0.0
Malta,2020-05-09,0.0
Malta,2020-05-10,0.0
Malta,2020-05-11,0.0
Malta,2020-05-12,0.0
Malta,2020-05-13,1.0
Malta,2020-05-14,0.0
Malta,2020-05-15,0.0
Malta,2020-05-16,0.0
Malta,2020-05-17,0.0
Malta,2020-05-18,0.0
Malta,2020-05-19,0.0
Malta,2020-05-20,0.0
Malta,2020-05-21,0.0
Malta,2020-05-22,0.0
Malta,2020-05-23,0.0
Malta,2020-05-24,0.0
Malta,2020-05-25,0.0
Malta,2020-05-26,0.0
Malta,2020-05-27,1.0
Malta,2020-05-28,0.0
Malta,2020-05-29,2.0
Malta,2020-05-30,0.0
Malta,2020-05-31,0.0
Malta,2020-06-01,0.0
Malta,2020-06-02,0.0
Malta,2020-06-03,0.0
Malta,2020-06-04,0.0
Malta,2020-06-05,0.0
Malta,2020-06-06,0.0
Malta,2020-06-07,0.0
Malta,2020-06-08,0.0
Malta,2020-06-09,0.0
Malta,2020-06-10,0.0
Malta,2020-06-11,0.0
Malta,2020-06-12,0.0
Malta,2020-06-13,0.0
Malta,2020-06-14,0.0
Malta,2020-06-15,0.0
Malta,2020-06-16,0.0
Malta,2020-06-17,0.0
Malta,2020-06-18,0.0
Malta,2020-06-19,0.0
Malta,2020-06-20,0.0
Malta,2020-06-21,0.0
Malta,2020-06-22,0.0
Malta,2020-06-23,0.0
Malta,2020-06-24,0.0
Malta,2020-06-25,0.0
Malta,2020-06-26,0.0
Malta,2020-06-27,0.0
Malta,2020-06-28,0.0
Malta,2020-06-29,0.0
Malta,2020-06-30,0.0
Malta,2020-07-01,0.0
Malta,2020-07-02,0.0
Malta,2020-07-03,0.0
Malta,2020-07-04,0.0
Malta,2020-07-05,0.0
Malta,2020-07-06,0.0
Malta,2020-07-07,0.0
Malta,2020-07-08,0.0
Malta,2020-07-09,0.0
Malta,2020-07-10,0.0
Malta,2020-07-11,0.0
Malta,2020-07-12,0.0
Malta,2020-07-13,0.0
Malta,2020-07-14,0.0
Malta,2020-07-15,0.0
Malta,2020-07-16,0.0
Malta,2020-07-17,0.0
Malta,2020-07-18,0.0
Malta,2020-07-19,0.0
Malta,2020-07-20,0.0
Netherlands,2020-03-06,1.0
Netherlands,2020-03-07,0.0
Netherlands,2020-03-08,2.0
Netherlands,2020-03-09,0.0
Netherlands,2020-03-10,1.0
Netherlands,2020-03-11,1.0
Netherlands,2020-03-12,0.0
Netherlands,2020-03-13,5.0
Netherlands,2020-03-14,2.0
Netherlands,2020-03-15,8.0
Netherlands,2020-03-16,4.0
Netherlands,2020-03-17,19.0
Netherlands,2020-03-18,15.0
Netherlands,2020-03-19,18.0
Netherlands,2020-03-20,30.0
Netherlands,2020-03-21,30.0
Netherlands,2020-03-22,43.0
Netherlands,2020-03-23,34.0
Netherlands,2020-03-24,63.0
Netherlands,2020-03-25,80.0
Netherlands,2020-03-26,78.0
Netherlands,2020-03-27,112.0
Netherlands,2020-03-28,93.0
Netherlands,2020-03-29,132.0
Netherlands,2020-03-30,93.0
Netherlands,2020-03-31,175.0
Netherlands,2020-04-01,135.0
Netherlands,2020-04-02,166.0
Netherlands,2020-04-03,149.0
Netherlands,2020-04-04,166.0
Netherlands,2020-04-05,115.0
Netherlands,2020-04-06,103.0
Netherlands,2020-04-07,234.0
Netherlands,2020-04-08,147.0
Netherlands,2020-04-09,148.0
Netherlands,2020-04-10,117.0
Netherlands,2020-04-11,133.0
Netherlands,2020-04-12,94.0
Netherlands,2020-04-13,86.0
Netherlands,2020-04-14,122.0
Netherlands,2020-04-15,189.0
Netherlands,2020-04-16,181.0
Netherlands,2020-04-17,144.0
Netherlands,2020-04-18,142.0
Netherlands,2020-04-19,84.0
Netherlands,2020-04-20,67.0
Netherlands,2020-04-21,165.0
Netherlands,2020-04-22,139.0
Netherlands,2020-04-23,124.0
Netherlands,2020-04-24,112.0
Netherlands,2020-04-25,120.0
Netherlands,2020-04-26,67.0
Netherlands,2020-04-27,43.0
Netherlands,2020-04-28,48.0
Netherlands,2020-04-29,145.0
Netherlands,2020-04-30,84.0
Netherlands,2020-05-01,98.0
Netherlands,2020-05-02,94.0
Netherlands,2020-05-03,69.0
Netherlands,2020-05-04,26.0
Netherlands,2020-05-05,87.0
Netherlands,2020-05-06,36.0
Netherlands,2020-05-07,84.0
Netherlands,2020-05-08,71.0
Netherlands,2020-05-09,64.0
Netherlands,2020-05-10,18.0
Netherlands,2020-05-11,16.0
Netherlands,2020-05-12,54.0
Netherlands,2020-05-13,52.0
Netherlands,2020-05-14,28.0
Netherlands,2020-05-15,53.0
Netherlands,2020-05-16,27.0
Netherlands,2020-05-17,10.0
Netherlands,2020-05-18,14.0
Netherlands,2020-05-19,21.0
Netherlands,2020-05-20,33.0
Netherlands,2020-05-21,27.0
Netherlands,2020-05-22,13.0
Netherlands,2020-05-23,23.0
Netherlands,2020-05-24,11.0
Netherlands,2020-05-25,8.0
Netherlands,2020-05-26,26.0
Netherlands,2020-05-27,15.0
Netherlands,2020-05-28,32.0
Netherlands,2020-05-29,28.0
Netherlands,2020-05-30,20.0
Netherlands,2020-05-31,5.0
Netherlands,2020-06-01,6.0
Netherlands,2020-06-02,5.0
Netherlands,2020-06-03,10.0
Netherlands,2020-06-04,13.0
Netherlands,2020-06-05,15.0
Netherlands,2020-06-06,6.0
Netherlands,2020-06-07,2.0
Netherlands,2020-06-08,3.0
Netherlands,2020-06-09,15.0
Netherlands,2020-06-10,11.0
Netherlands,2020-06-11,2.0
Netherlands,2020-06-12,9.0
Netherlands,2020-06-13,4.0
Netherlands,2020-06-14,2.0
Netherlands,2020-06-15,6.0
Netherlands,2020-06-16,5.0
Netherlands,2020-06-17,4.0
Netherlands,2020-06-18,4.0
Netherlands,2020-06-19,3.0
Netherlands,2020-06-20,8.0
Netherlands,2020-06-21,1.0
Netherlands,2020-06-22,0.0
Netherlands,2020-06-23,5.0
Netherlands,2020-06-24,2.0
Netherlands,2020-06-25,3.0
Netherlands,2020-06-26,3.0
Netherlands,2020-06-27,2.0
Netherlands,2020-06-28,0.0
Netherlands,2020-06-29,2.0
Netherlands,2020-06-30,6.0
Netherlands,2020-07-01,2.0
Netherlands,2020-07-02,3.0
Netherlands,2020-07-03,2.0
Netherlands,2020-07-04,6.0
Netherlands,2020-07-05,1.0
Netherlands,2020-07-06,1.0
Netherlands,2020-07-07,4.0
Netherlands,2020-07-08,3.0
Netherlands,2020-07-09,2.0
Netherlands,2020-07-11,1.0
Netherlands,2020-07-12,0.0
Netherlands,2020-07-13,0.0
Netherlands,2020-07-15,1.0
Netherlands,2020-07-16,1.0
Netherlands,2020-07-17,1.0
Netherlands,2020-07-19,0.0
Netherlands,2020-07-20,0.0
Poland,2020-03-12,1.0
Poland,2020-03-13,1.0
Poland,2020-03-14,1.0
Poland,2020-03-15,0.0
Poland,2020-03-16,1.0
Poland,2020-03-17,1.0
Poland,2020-03-18,0.0
Poland,2020-03-19,0.0
Poland,2020-03-20,0.0
Poland,2020-03-21,0.0
Poland,2020-03-22,2.0
Poland,2020-03-23,1.0
Poland,2020-03-24,2.0
Poland,2020-03-25,4.0
Poland,2020-03-26,2.0
Poland,2020-03-27,0.0
Poland,2020-03-28,2.0
Poland,2020-03-29,4.0
Poland,2020-03-30,9.0
Poland,2020-03-31,2.0
Poland,2020-04-01,10.0
Poland,2020-04-02,14.0
Poland,2020-04-03,14.0
Poland,2020-04-04,8.0
Poland,2020-04-05,15.0
Poland,2020-04-06,13.0
Poland,2020-04-07,22.0
Poland,2020-04-08,30.0
Poland,2020-04-09,15.0
Poland,2020-04-10,7.0
Poland,2020-04-11,27.0
Poland,2020-04-12,24.0
Poland,2020-04-13,13.0
Poland,2020-04-14,18.0
Poland,2020-04-15,23.0
Poland,2020-04-16,28.0
Poland,2020-04-17,18.0
Poland,2020-04-18,15.0
Poland,2020-04-19,13.0
Poland,2020-04-20,20.0
Poland,2020-04-21,21.0
Poland,2020-04-22,25.0
Poland,2020-04-23,28.0
Poland,2020-04-24,40.0
Poland,2020-04-25,30.0
Poland,2020-04-26,11.0
Poland,2020-04-27,27.0
Poland,2020-04-28,34.0
Poland,2020-04-29,28.0
Poland,2020-04-30,20.0
Poland,2020-05-01,7.0
Poland,2020-05-02,13.0
Poland,2020-05-03,14.0
Poland,2020-05-04,20.0
Poland,2020-05-05,18.0
Poland,2020-05-06,17.0
Poland,2020-05-07,22.0
Poland,2020-05-08,21.0
Poland,2020-05-09,9.0
Poland,2020-05-10,15.0
Poland,2020-05-11,11.0
Poland,2020-05-12,28.0
Poland,2020-05-13,22.0
Poland,2020-05-14,22.0
Poland,2020-05-15,24.0
Poland,2020-05-16,8.0
Poland,2020-05-17,10.0
Poland,2020-05-18,11.0
Poland,2020-05-19,12.0
Poland,2020-05-20,14.0
Poland,2020-05-21,10.0
Poland,2020-05-22,10.0
Poland,2020-05-23,11.0
Poland,2020-05-24,3.0
Poland,2020-05-25,11.0
Poland,2020-05-26,17.0
Poland,2020-05-27,4.0
Poland,2020-05-28,10.0
Poland,2020-05-29,13.0
Poland,2020-05-30,10.0
Poland,2020-05-31,3.0
Poland,2020-06-01,10.0
Poland,2020-06-02,18.0
Poland,2020-06-03,23.0
Poland,2020-06-04,2.0
Poland,2020-06-05,20.0
Poland,2020-06-06,16.0
Poland,2020-06-07,4.0
Poland,2020-06-08,9.0
Poland,2020-06-09,17.0
Poland,2020-06-10,23.0
Poland,2020-06-11,9.0
Poland,2020-06-12,7.0
Poland,2020-06-13,15.0
Poland,2020-06-14,10.0
Poland,2020-06-15,9.0
Poland,2020-06-16,16.0
Poland,2020-06-17,14.0
Poland,2020-06-18,30.0
Poland,2020-06-19,18.0
Poland,2020-06-20,12.0
Poland,2020-06-21,10.0
Poland,2020-06-22,3.0
Poland,2020-06-23,16.0
Poland,2020-06-24,21.0
Poland,2020-06-25,16.0
Poland,2020-06-26,17.0
Poland,2020-06-27,6.0
Poland,2020-06-28,3.0
Poland,2020-06-29,6.0
Poland,2020-06-30,19.0
Poland,2020-07-01,14.0
Poland,2020-07-02,15.0
Poland,2020-07-03,15.0
Poland,2020-07-04,5.0
Poland,2020-07-05,5.0
Poland,2020-07-06,4.0
Poland,2020-07-07,7.0
Poland,2020-07-08,14.0
Poland,2020-07-09,9.0
Poland,2020-07-10,11.0
Poland,2020-07-11,6.0
Poland,2020-07-12,3.0
Poland,2020-07-13,5.0
Poland,2020-07-14,12.0
Poland,2020-07-15,6.0
Poland,2020-07-16,11.0
Poland,2020-07-17,7.0
Poland,2020-07-18,6.0
Poland,2020-07-19,6.0
Poland,2020-07-20,3.0
Portugal,2020-03-17,1.0
Portugal,2020-03-18,1.0
Portugal,2020-03-19,1.0
Portugal,2020-03-20,3.0
Portugal,2020-03-21,6.0
Portugal,2020-03-22,2.0
Portugal,2020-03-23,9.0
Portugal,2020-03-24,10.0
Portugal,2020-03-25,10.0
Portugal,2020-03-26,17.0
Portugal,2020-03-27,16.0
Portugal,2020-03-28,24.0
Portugal,2020-03-29,19.0
Portugal,2020-03-30,21.0
Portugal,2020-03-31,20.0
Portugal,2020-04-01,27.0
Portugal,2020-04-02,22.0
Portugal,2020-04-03,37.0
Portugal,2020-04-04,20.0
Portugal,2020-04-05,29.0
Portugal,2020-04-06,16.0
Portugal,2020-04-07,34.0
Portugal,2020-04-08,35.0
Portugal,2020-04-09,29.0
Portugal,2020-04-10,26.0
Portugal,2020-04-11,35.0
Portugal,2020-04-12,34.0
Portugal,2020-04-13,31.0
Portugal,2020-04-14,32.0
Portugal,2020-04-15,32.0
Portugal,2020-04-16,30.0
Portugal,2020-04-17,28.0
Portugal,2020-04-18,30.0
Portugal,2020-04-19,27.0
Portugal,2020-04-20,21.0
Portugal,2020-04-21,27.0
Portugal,2020-04-22,23.0
Portugal,2020-04-23,35.0
Portugal,2020-04-24,34.0
Portugal,2020-04-25,26.0
Portugal,2020-04-26,23.0
Portugal,2020-04-27,25.0
Portugal,2020-04-28,20.0
Portugal,2020-04-29,25.0
Portugal,2020-04-30,16.0
Portugal,2020-05-01,18.0
Portugal,2020-05-02,16.0
Portugal,2020-05-03,20.0
Portugal,2020-05-04,20.0
Portugal,2020-05-05,11.0
Portugal,2020-05-06,15.0
Portugal,2020-05-07,16.0
Portugal,2020-05-08,9.0
Portugal,2020-05-09,12.0
Portugal,2020-05-10,9.0
Portugal,2020-05-11,9.0
Portugal,2020-05-12,19.0
Portugal,2020-05-13,12.0
Portugal,2020-05-14,9.0
Portugal,2020-05-15,6.0
Portugal,2020-05-16,13.0
Portugal,2020-05-17,15.0
Portugal,2020-05-18,13.0
Portugal,2020-05-19,16.0
Portugal,2020-05-20,16.0
Portugal,2020-05-21,14.0
Portugal,2020-05-22,12.0
Portugal,2020-05-23,13.0
Portugal,2020-05-24,14.0
Portugal,2020-05-25,14.0
Portugal,2020-05-26,12.0
Portugal,2020-05-27,14.0
Portugal,2020-05-28,13.0
Portugal,2020-05-29,14.0
Portugal,2020-05-30,13.0
Portugal,2020-05-31,14.0
Portugal,2020-06-01,14.0
Portugal,2020-06-02,12.0
Portugal,2020-06-03,11.0
Portugal,2020-06-04,8.0
Portugal,2020-06-05,10.0
Portugal,2020-06-06,9.0
Portugal,2020-06-07,5.0
Portugal,2020-06-08,6.0
Portugal,2020-06-09,7.0
Portugal,2020-06-10,5.0
Portugal,2020-06-11,7.0
Portugal,2020-06-12,1.0
Portugal,2020-06-13,7.0
Portugal,2020-06-14,5.0
Portugal,2020-06-15,3.0
Portugal,2020-06-16,2.0
Portugal,2020-06-17,1.0
Portugal,2020-06-18,1.0
Portugal,2020-06-19,3.0
Portugal,2020-06-20,1.0
Portugal,2020-06-21,2.0
Portugal,2020-06-22,4.0
Portugal,2020-06-23,6.0
Portugal,2020-06-24,3.0
Portugal,2020-06-25,6.0
Portugal,2020-06-26,6.0
Portugal,2020-06-27,6.0
Portugal,2020-06-28,3.0
Portugal,2020-06-29,4.0
Portugal,2020-06-30,8.0
Portugal,2020-07-01,3.0
Portugal,2020-07-02,8.0
Portugal,2020-07-03,11.0
Portugal,2020-07-04,7.0
Portugal,2020-07-05,9.0
Portugal,2020-07-06,6.0
Portugal,2020-07-07,9.0
Portugal,2020-07-08,2.0
Portugal,2020-07-09,13.0
Portugal,2020-07-10,2.0
Portugal,2020-07-11,8.0
Portugal,2020-07-12,6.0
Portugal,2020-07-13,2.0
Portugal,2020-07-14,6.0
Portugal,2020-07-15,8.0
Portugal,2020-07-16,3.0
Portugal,2020-07-17,3.0
Portugal,2020-07-18,2.0
Portugal,2020-07-19,5.0
Portugal,2020-07-20,2.0
Romania,2020-03-22,3.0
Romania,2020-03-23,4.0
Romania,2020-03-24,4.0
Romania,2020-03-25,6.0
Romania,2020-03-26,6.0
Romania,2020-03-27,3.0
Romania,2020-03-28,11.0
Romania,2020-03-29,6.0
Romania,2020-03-30,22.0
Romania,2020-03-31,17.0
Romania,2020-04-01,10.0
Romania,2020-04-02,23.0
Romania,2020-04-03,18.0
Romania,2020-04-04,13.0
Romania,2020-04-05,5.0
Romania,2020-04-06,25.0
Romania,2020-04-07,21.0
Romania,2020-04-08,23.0
Romania,2020-04-09,28.0
Romania,2020-04-10,22.0
Romania,2020-04-11,21.0
Romania,2020-04-12,25.0
Romania,2020-04-13,15.0
Romania,2020-04-14,20.0
Romania,2020-04-15,21.0
Romania,2020-04-16,20.0
Romania,2020-04-17,19.0
Romania,2020-04-18,10.0
Romania,2020-04-19,30.0
Romania,2020-04-20,27.0
Romania,2020-04-21,20.0
Romania,2020-04-22,26.0
Romania,2020-04-23,21.0
Romania,2020-04-24,22.0
Romania,2020-04-25,34.0
Romania,2020-04-26,18.0
Romania,2020-04-27,22.0
Romania,2020-04-28,22.0
Romania,2020-04-29,30.0
Romania,2020-04-30,24.0
Romania,2020-05-01,27.0
Romania,2020-05-02,27.0
Romania,2020-05-03,19.0
Romania,2020-05-04,28.0
Romania,2020-05-05,23.0
Romania,2020-05-06,23.0
Romania,2020-05-07,24.0
Romania,2020-05-08,35.0
Romania,2020-05-09,16.0
Romania,2020-05-10,22.0
Romania,2020-05-11,21.0
Romania,2020-05-12,20.0
Romania,2020-05-13,34.0
Romania,2020-05-14,17.0
Romania,2020-05-15,17.0
Romania,2020-05-16,24.0
Romania,2020-05-17,13.0
Romania,2020-05-18,13.0
Romania,2020-05-19,17.0
Romania,2020-05-20,10.0
Romania,2020-05-21,9.0
Romania,2020-05-22,10.0
Romania,2020-05-23,10.0
Romania,2020-05-24,9.0
Romania,2020-05-25,20.0
Romania,2020-05-26,11.0
Romania,2020-05-27,11.0
Romania,2020-05-28,8.0
Romania,2020-05-29,13.0
Romania,2020-05-30,11.0
Romania,2020-05-31,7.0
Romania,2020-06-01,10.0
Romania,2020-06-02,12.0
Romania,2020-06-03,8.0
Romania,2020-06-04,9.0
Romania,2020-06-05,11.0
Romania,2020-06-06,6.0
Romania,2020-06-07,11.0
Romania,2020-06-08,6.0
Romania,2020-06-09,15.0
Romania,2020-06-10,6.0
Romania,2020-06-11,9.0
Romania,2020-06-12,11.0
Romania,2020-06-13,14.0
Romania,2020-06-14,16.0
Romania,2020-06-15,17.0
Romania,2020-06-16,10.0
Romania,2020-06-17,14.0
Romania,2020-06-18,22.0
Romania,2020-06-19,11.0
Romania,2020-06-20,16.0
Romania,2020-06-21,12.0
Romania,2020-06-22,11.0
Romania,2020-06-23,16.0
Romania,2020-06-24,16.0
Romania,2020-06-25,10.0
Romania,2020-06-26,14.0
Romania,2020-06-27,10.0
Romania,2020-06-28,23.0
Romania,2020-06-29,22.0
Romania,2020-06-30,17.0
Romania,2020-07-01,16.0
Romania,2020-07-02,20.0
Romania,2020-07-03,21.0
Romania,2020-07-04,23.0
Romania,2020-07-05,19.0
Romania,2020-07-06,18.0
Romania,2020-07-07,31.0
Romania,2020-07-08,18.0
Romania,2020-07-09,17.0
Romania,2020-07-10,13.0
Romania,2020-07-11,24.0
Romania,2020-07-12,13.0
Romania,2020-07-13,17.0
Romania,2020-07-14,30.0
Romania,2020-07-15,21.0
Romania,2020-07-16,19.0
Romania,2020-07-17,17.0
Romania,2020-07-18,21.0
Romania,2020-07-19,17.0
Romania,2020-07-20,12.0
Slovakia,2020-04-01,1.0
Slovakia,2020-04-02,0.0
Slovakia,2020-04-03,0.0
Slovakia,2020-04-04,0.0
Slovakia,2020-04-05,0.0
Slovakia,2020-04-06,1.0
Slovakia,2020-04-07,0.0
Slovakia,2020-04-08,0.0
Slovakia,2020-04-09,0.0
Slovakia,2020-04-10,0.0
Slovakia,2020-04-11,0.0
Slovakia,2020-04-12,0.0
Slovakia,2020-04-13,0.0
Slovakia,2020-04-14,0.0
Slovakia,2020-04-15,4.0
Slovakia,2020-04-16,2.0
Slovakia,2020-04-17,1.0
Slovakia,2020-04-18,2.0
Slovakia,2020-04-19,1.0
Slovakia,2020-04-20,1.0
Slovakia,2020-04-21,1.0
Slovakia,2020-04-22,0.0
Slovakia,2020-04-23,1.0
Slovakia,2020-04-24,2.0
Slovakia,2020-04-25,0.0
Slovakia,2020-04-26,1.0
Slovakia,2020-04-27,0.0
Slovakia,2020-04-28,2.0
Slovakia,2020-04-29,2.0
Slovakia,2020-04-30,1.0
Slovakia,2020-05-01,0.0
Slovakia,2020-05-02,1.0
Slovakia,2020-05-03,0.0
Slovakia,2020-05-04,1.0
Slovakia,2020-05-05,0.0
Slovakia,2020-05-06,0.0
Slovakia,2020-05-07,1.0
Slovakia,2020-05-08,0.0
Slovakia,2020-05-09,0.0
Slovakia,2020-05-10,0.0
Slovakia,2020-05-11,0.0
Slovakia,2020-05-12,1.0
Slovakia,2020-05-13,0.0
Slovakia,2020-05-14,0.0
Slovakia,2020-05-15,0.0
Slovakia,2020-05-16,1.0
Slovakia,2020-05-17,0.0
Slovakia,2020-05-18,0.0
Slovakia,2020-05-19,0.0
Slovakia,2020-05-20,0.0
Slovakia,2020-05-21,0.0
Slovakia,2020-05-22,0.0
Slovakia,2020-05-23,0.0
Slovakia,2020-05-24,0.0
Slovakia,2020-05-25,0.0
Slovakia,2020-05-26,0.0
Slovakia,2020-05-27,0.0
Slovakia,2020-05-28,0.0
Slovakia,2020-05-29,0.0
Slovakia,2020-05-30,0.0
Slovakia,2020-05-31,0.0
Slovakia,2020-06-01,0.0
Slovakia,2020-06-02,0.0
Slovakia,2020-06-03,0.0
Slovakia,2020-06-04,0.0
Slovakia,2020-06-05,0.0
Slovakia,2020-06-06,0.0
Slovakia,2020-06-07,0.0
Slovakia,2020-06-08,0.0
Slovakia,2020-06-09,0.0
Slovakia,2020-06-10,0.0
Slovakia,2020-06-11,0.0
Slovakia,2020-06-12,0.0
Slovakia,2020-06-13,0.0
Slovakia,2020-06-14,0.0
Slovakia,2020-06-15,0.0
Slovakia,2020-06-16,0.0
Slovakia,2020-06-17,0.0
Slovakia,2020-06-18,0.0
Slovakia,2020-06-19,0.0
Slovakia,2020-06-20,0.0
Slovakia,2020-06-21,0.0
Slovakia,2020-06-22,0.0
Slovakia,2020-06-23,0.0
Slovakia,2020-06-24,0.0
Slovakia,2020-06-25,0.0
Slovakia,2020-06-26,0.0
Slovakia,2020-06-27,0.0
Slovakia,2020-06-28,0.0
Slovakia,2020-06-29,0.0
Slovakia,2020-06-30,0.0
Slovakia,2020-07-01,0.0
Slovakia,2020-07-02,0.0
Slovakia,2020-07-03,0.0
Slovakia,2020-07-04,0.0
Slovakia,2020-07-05,0.0
Slovakia,2020-07-06,0.0
Slovakia,2020-07-07,0.0
Slovakia,2020-07-08,0.0
Slovakia,2020-07-09,0.0
Slovakia,2020-07-10,0.0
Slovakia,2020-07-11,0.0
Slovakia,2020-07-12,0.0
Slovakia,2020-07-13,0.0
Slovakia,2020-07-14,0.0
Slovakia,2020-07-15,0.0
Slovakia,2020-07-16,0.0
Slovakia,2020-07-17,0.0
Slovakia,2020-07-18,0.0
Slovakia,2020-07-19,0.0
Slovakia,2020-07-20,0.0
Slovenia,2020-03-14,1.0
Slovenia,2020-03-15,0.0
Slovenia,2020-03-16,0.0
Slovenia,2020-03-17,0.0
Slovenia,2020-03-18,0.0
Slovenia,2020-03-19,0.0
Slovenia,2020-03-20,0.0
Slovenia,2020-03-21,0.0
Slovenia,2020-03-22,1.0
Slovenia,2020-03-23,1.0
Slovenia,2020-03-24,1.0
Slovenia,2020-03-25,1.0
Slovenia,2020-03-26,1.0
Slovenia,2020-03-27,3.0
Slovenia,2020-03-28,0.0
Slovenia,2020-03-29,2.0
Slovenia,2020-03-30,0.0
Slovenia,2020-03-31,4.0
Slovenia,2020-04-01,0.0
Slovenia,2020-04-02,2.0
Slovenia,2020-04-03,3.0
Slovenia,2020-04-04,2.0
Slovenia,2020-04-05,6.0
Slovenia,2020-04-06,2.0
Slovenia,2020-04-07,6.0
Slovenia,2020-04-08,4.0
Slovenia,2020-04-09,3.0
Slovenia,2020-04-10,2.0
Slovenia,2020-04-11,5.0
Slovenia,2020-04-12,3.0
Slovenia,2020-04-13,2.0
Slovenia,2020-04-14,1.0
Slovenia,2020-04-15,5.0
Slovenia,2020-04-16,0.0
Slovenia,2020-04-17,5.0
Slovenia,2020-04-18,4.0
Slovenia,2020-04-19,4.0
Slovenia,2020-04-20,3.0
Slovenia,2020-04-21,0.0
Slovenia,2020-04-22,2.0
Slovenia,2020-04-23,0.0
Slovenia,2020-04-24,1.0
Slovenia,2020-04-25,1.0
Slovenia,2020-04-26,1.0
Slovenia,2020-04-27,1.0
Slovenia,2020-04-28,3.0
Slovenia,2020-04-29,3.0
Slovenia,2020-04-30,2.0
Slovenia,2020-05-01,1.0
Slovenia,2020-05-02,2.0
Slovenia,2020-05-03,2.0
Slovenia,2020-05-04,1.0
Slovenia,2020-05-05,1.0
Slovenia,2020-05-06,1.0
Slovenia,2020-05-07,0.0
Slovenia,2020-05-08,1.0
Slovenia,2020-05-09,1.0
Slovenia,2020-05-10,1.0
Slovenia,2020-05-11,0.0
Slovenia,2020-05-12,0.0
Slovenia,2020-05-13,1.0
Slovenia,2020-05-14,0.0
Slovenia,2020-05-15,0.0
Slovenia,2020-05-16,0.0
Slovenia,2020-05-17,1.0
Slovenia,2020-05-18,0.0
Slovenia,2020-05-19,0.0
Slovenia,2020-05-20,1.0
Slovenia,2020-05-21,1.0
Slovenia,2020-05-22,0.0
Slovenia,2020-05-23,0.0
Slovenia,2020-05-24,1.0
Slovenia,2020-05-25,0.0
Slovenia,2020-05-26,1.0
Slovenia,2020-05-27,0.0
Slovenia,2020-05-28,0.0
Slovenia,2020-05-29,0.0
Slovenia,2020-05-30,0.0
Slovenia,2020-05-31,0.0
Slovenia,2020-06-01,1.0
Slovenia,2020-06-02,0.0
Slovenia,2020-06-03,0.0
Slovenia,2020-06-04,0.0
Slovenia,2020-06-05,0.0
Slovenia,2020-06-06,0.0
Slovenia,2020-06-07,0.0
Slovenia,2020-06-08,0.0
Slovenia,2020-06-09,0.0
Slovenia,2020-06-10,0.0
Slovenia,2020-06-11,0.0
Slovenia,2020-06-12,0.0
Slovenia,2020-06-13,0.0
Slovenia,2020-06-14,0.0
Slovenia,2020-06-15,0.0
Slovenia,2020-06-16,0.0
Slovenia,2020-06-17,0.0
Slovenia,2020-06-18,0.0
Slovenia,2020-06-19,0.0
Slovenia,2020-06-20,0.0
Slovenia,2020-06-21,0.0
Slovenia,2020-06-22,0.0
Slovenia,2020-06-23,0.0
Slovenia,2020-06-24,0.0
Slovenia,2020-06-25,0.0
Slovenia,2020-06-26,0.0
Slovenia,2020-06-27,0.0
Slovenia,2020-06-28,2.0
Slovenia,2020-06-29,0.0
Slovenia,2020-06-30,0.0
Slovenia,2020-07-01,0.0
Slovenia,2020-07-02,0.0
Slovenia,2020-07-03,0.0
Slovenia,2020-07-04,0.0
Slovenia,2020-07-05,0.0
Slovenia,2020-07-06,0.0
Slovenia,2020-07-07,0.0
Slovenia,2020-07-08,0.0
Slovenia,2020-07-09,0.0
Slovenia,2020-07-10,0.0
Slovenia,2020-07-11,0.0
Slovenia,2020-07-12,0.0
Slovenia,2020-07-13,0.0
Slovenia,2020-07-14,0.0
Slovenia,2020-07-15,0.0
Slovenia,2020-07-16,0.0
Slovenia,2020-07-17,0.0
Slovenia,2020-07-18,0.0
Slovenia,2020-07-19,1.0
Slovenia,2020-07-20,1.0
Spain,2020-03-03,1.0
Spain,2020-03-04,1.0
Spain,2020-03-05,1.0
Spain,2020-03-06,2.0
Spain,2020-03-07,5.0
Spain,2020-03-08,7.0
Spain,2020-03-09,11.0
Spain,2020-03-10,7.0
Spain,2020-03-11,19.0
Spain,2020-03-12,1.0
Spain,2020-03-13,78.0
Spain,2020-03-14,62.0
Spain,2020-03-15,94.0
Spain,2020-03-16,53.0
Spain,2020-03-17,191.0
Spain,2020-03-18,90.0
Spain,2020-03-19,207.0
Spain,2020-03-20,213.0
Spain,2020-03-21,332.0
Spain,2020-03-22,397.0
Spain,2020-03-23,539.0
Spain,2020-03-24,497.0
Spain,2020-03-25,839.0
Spain,2020-03-26,718.0
Spain,2020-03-27,773.0
Spain,2020-03-28,844.0
Spain,2020-03-29,821.0
Spain,2020-03-30,913.0
Spain,2020-03-31,748.0
Spain,2020-04-01,923.0
Spain,2020-04-02,961.0
Spain,2020-04-03,850.0
Spain,2020-04-04,749.0
Spain,2020-04-05,694.0
Spain,2020-04-06,700.0
Spain,2020-04-07,704.0
Spain,2020-04-08,747.0
Spain,2020-04-09,655.0
Spain,2020-04-10,634.0
Spain,2020-04-11,525.0
Spain,2020-04-12,603.0
Spain,2020-04-13,547.0
Spain,2020-04-14,300.0
Spain,2020-04-15,652.0
Spain,2020-04-16,607.0
Spain,2020-04-17,687.0
Spain,2020-04-18,41.0
Spain,2020-04-19,410.0
Spain,2020-04-20,399.0
Spain,2020-04-21,430.0
Spain,2020-04-22,435.0
Spain,2020-04-23,440.0
Spain,2020-04-24,367.0
Spain,2020-04-25,378.0
Spain,2020-04-26,288.0
Spain,2020-04-27,331.0
Spain,2020-04-28,301.0
Spain,2020-04-29,453.0
Spain,2020-04-30,268.0
Spain,2020-05-01,0.0
Spain,2020-05-02,557.0
Spain,2020-05-03,164.0
Spain,2020-05-04,164.0
Spain,2020-05-05,185.0
Spain,2020-05-06,244.0
Spain,2020-05-07,213.0
Spain,2020-05-08,229.0
Spain,2020-05-09,179.0
Spain,2020-05-10,143.0
Spain,2020-05-11,123.0
Spain,2020-05-12,176.0
Spain,2020-05-13,184.0
Spain,2020-05-14,217.0
Spain,2020-05-15,138.0
Spain,2020-05-16,104.0
Spain,2020-05-17,0.0
Spain,2020-05-18,146.0
Spain,2020-05-19,69.0
Spain,2020-05-20,110.0
Spain,2020-05-21,52.0
Spain,2020-05-22,688.0
Spain,2020-05-23,50.0
Spain,2020-05-24,74.0
Spain,2020-05-26,283.0
Spain,2020-05-27,0.0
Spain,2020-05-28,2.0
Spain,2020-05-29,2.0
Spain,2020-05-30,4.0
Spain,2020-05-31,2.0
Spain,2020-06-01,0.0
Spain,2020-06-02,0.0
Spain,2020-06-03,1.0
Spain,2020-06-04,5.0
Spain,2020-06-05,1.0
Spain,2020-06-06,1.0
Spain,2020-06-07,1.0
Spain,2020-06-08,0.0
Spain,2020-06-09,0.0
Spain,2020-06-10,0.0
Spain,2020-06-11,0.0
Spain,2020-06-12,0.0
Spain,2020-06-13,0.0
Spain,2020-06-14,0.0
Spain,2020-06-15,0.0
Spain,2020-06-16,0.0
Spain,2020-06-17,0.0
Spain,2020-06-18,0.0
Spain,2020-06-20,7.0
Spain,2020-06-21,1.0
Spain,2020-06-22,1.0
Spain,2020-06-23,1.0
Spain,2020-06-24,2.0
Spain,2020-06-25,3.0
Spain,2020-06-26,8.0
Spain,2020-06-27,3.0
Spain,2020-06-28,2.0
Spain,2020-06-29,3.0
Spain,2020-06-30,9.0
Spain,2020-07-01,9.0
Spain,2020-07-02,4.0
Spain,2020-07-03,17.0
Spain,2020-07-04,0.0
Spain,2020-07-05,0.0
Spain,2020-07-06,3.0
Spain,2020-07-07,4.0
Spain,2020-07-08,4.0
Spain,2020-07-09,5.0
Spain,2020-07-10,2.0
Spain,2020-07-11,0.0
Spain,2020-07-12,0.0
Spain,2020-07-13,3.0
Spain,2020-07-14,3.0
Spain,2020-07-15,4.0
Spain,2020-07-16,3.0
Spain,2020-07-17,4.0
Spain,2020-07-18,0.0
Spain,2020-07-19,0.0
Spain,2020-07-20,2.0
Sweden,2020-03-10,1.0
Sweden,2020-03-11,0.0
Sweden,2020-03-12,1.0
Sweden,2020-03-13,1.0
Sweden,2020-03-14,2.0
Sweden,2020-03-15,2.0
Sweden,2020-03-16,1.0
Sweden,2020-03-17,6.0
Sweden,2020-03-18,7.0
Sweden,2020-03-19,9.0
Sweden,2020-03-20,8.0
Sweden,2020-03-21,11.0
Sweden,2020-03-22,11.0
Sweden,2020-03-23,21.0
Sweden,2020-03-24,22.0
Sweden,2020-03-25,31.0
Sweden,2020-03-26,32.0
Sweden,2020-03-27,35.0
Sweden,2020-03-28,38.0
Sweden,2020-03-29,45.0
Sweden,2020-03-30,48.0
Sweden,2020-03-31,53.0
Sweden,2020-04-01,70.0
Sweden,2020-04-02,80.0
Sweden,2020-04-03,70.0
Sweden,2020-04-05,28.0
Sweden,2020-04-06,76.0
Sweden,2020-04-07,114.0
Sweden,2020-04-08,96.0
Sweden,2020-04-09,106.0
Sweden,2020-04-10,77.0
Sweden,2020-04-11,17.0
Sweden,2020-04-12,12.0
Sweden,2020-04-13,20.0
Sweden,2020-04-14,114.0
Sweden,2020-04-15,170.0
Sweden,2020-04-16,130.0
Sweden,2020-04-17,67.0
Sweden,2020-04-18,111.0
Sweden,2020-04-19,29.0
Sweden,2020-04-20,40.0
Sweden,2020-04-21,185.0
Sweden,2020-04-22,172.0
Sweden,2020-04-23,84.0
Sweden,2020-04-24,131.0
Sweden,2020-04-25,40.0
Sweden,2020-04-26,2.0
Sweden,2020-04-27,80.0
Sweden,2020-04-28,81.0
Sweden,2020-04-29,107.0
Sweden,2020-04-30,124.0
Sweden,2020-05-01,67.0
Sweden,2020-05-02,16.0
Sweden,2020-05-03,10.0
Sweden,2020-05-04,90.0
Sweden,2020-05-05,85.0
Sweden,2020-05-06,87.0
Sweden,2020-05-07,99.0
Sweden,2020-05-08,135.0
Sweden,2020-05-09,45.0
Sweden,2020-05-10,5.0
Sweden,2020-05-11,31.0
Sweden,2020-05-12,57.0
Sweden,2020-05-13,147.0
Sweden,2020-05-14,69.0
Sweden,2020-05-15,117.0
Sweden,2020-05-16,28.0
Sweden,2020-05-17,5.0
Sweden,2020-05-18,19.0
Sweden,2020-05-19,45.0
Sweden,2020-05-20,88.0
Sweden,2020-05-21,40.0
Sweden,2020-05-22,54.0
Sweden,2020-05-23,67.0
Sweden,2020-05-24,6.0
Sweden,2020-05-25,31.0
Sweden,2020-05-26,96.0
Sweden,2020-05-27,95.0
Sweden,2020-05-28,46.0
Sweden,2020-05-29,84.0
Sweden,2020-05-30,45.0
Sweden,2020-05-31,0.0
Sweden,2020-06-01,8.0
Sweden,2020-06-02,65.0
Sweden,2020-06-03,74.0
Sweden,2020-06-04,20.0
Sweden,2020-06-05,77.0
Sweden,2020-06-06,17.0
Sweden,2020-06-07,3.0
Sweden,2020-06-08,35.0
Sweden,2020-06-09,23.0
Sweden,2020-06-10,78.0
Sweden,2020-06-11,19.0
Sweden,2020-06-12,40.0
Sweden,2020-06-13,20.0
Sweden,2020-06-14,0.0
Sweden,2020-06-15,17.0
Sweden,2020-06-16,48.0
Sweden,2020-06-17,102.0
Sweden,2020-06-18,12.0
Sweden,2020-06-19,0.0
Sweden,2020-06-20,0.0
Sweden,2020-06-21,0.0
Sweden,2020-06-22,0.0
Sweden,2020-06-23,108.0
Sweden,2020-06-24,48.0
Sweden,2020-06-25,21.0
Sweden,2020-06-26,50.0
Sweden,2020-06-27,0.0
Sweden,2020-06-28,0.0
Sweden,2020-06-29,0.0
Sweden,2020-06-30,53.0
Sweden,2020-07-01,37.0
Sweden,2020-07-02,41.0
Sweden,2020-07-03,9.0
Sweden,2020-07-04,0.0
Sweden,2020-07-05,0.0
Sweden,2020-07-06,0.0
Sweden,2020-07-07,27.0
Sweden,2020-07-08,35.0
Sweden,2020-07-09,18.0
Sweden,2020-07-10,26.0
Sweden,2020-07-11,0.0
Sweden,2020-07-12,0.0
Sweden,2020-07-13,0.0
Sweden,2020-07-14,19.0
Sweden,2020-07-15,27.0
Sweden,2020-07-16,21.0
Sweden,2020-07-17,26.0
Sweden,2020-07-18,0.0
Sweden,2020-07-19,0.0
Sweden,2020-07-20,0.0
